tau,tau_prime,method,trial,timestep,cos_sim,n_left,n_right,n_indifferent,n_incomparable,n_attempts
0.0,0.0,multiframe,0,1,0.6701539942807695,,,,,
0.0,0.0,multiframe,0,2,0.656108314995144,,,,,
0.0,0.0,multiframe,0,3,0.7147958832863114,,,,,
0.0,0.0,multiframe,0,4,0.8725108225684622,,,,,
0.0,0.0,multiframe,0,5,0.5923518316494126,,,,,
0.0,0.0,multiframe,0,6,0.6784796036475712,,,,,
0.0,0.0,multiframe,0,7,0.745232559696438,,,,,
0.0,0.0,multiframe,0,8,0.7468188173905369,,,,,
0.0,0.0,multiframe,0,9,0.6937966205057566,,,,,
0.0,0.0,multiframe,0,10,0.5700647816859938,,,,,
0.0,0.0,multiframe,0,11,0.7614125112667368,,,,,
0.0,0.0,multiframe,0,12,0.7256333792568042,,,,,
0.0,0.0,multiframe,0,13,0.6956601290398751,,,,,
0.0,0.0,multiframe,0,14,0.7227058318925432,,,,,
0.0,0.0,multiframe,0,15,0.7741203132075517,,,,,
0.0,0.0,multiframe,0,16,0.708776129520736,,,,,
0.0,0.0,multiframe,0,17,0.7222829165950446,,,,,
0.0,0.0,multiframe,0,18,0.8781784635165298,,,,,
0.0,0.0,multiframe,0,19,0.5774326254115848,,,,,
0.0,0.0,multiframe,0,20,0.7980146153469803,,,,,
0.0,0.0,multiframe,0,21,0.8147820756976311,,,,,
0.0,0.0,multiframe,0,22,0.7239123549675537,,,,,
0.0,0.0,multiframe,0,23,0.7912436984359362,,,,,
0.0,0.0,multiframe,0,24,0.7580844275558455,,,,,
0.0,0.0,multiframe,0,25,0.8203322256779789,,,,,
0.0,0.0,multiframe,0,26,0.6643714830556829,,,,,
0.0,0.0,multiframe,0,27,0.7423095042915878,,,,,
0.0,0.0,multiframe,0,28,0.7324160118760189,,,,,
0.0,0.0,multiframe,0,29,0.7191407658336826,,,,,
0.0,0.0,multiframe,0,30,0.7428887420807182,,,,,
0.0,0.0,multiframe,0,-1,0.7428887420807182,16.0,14.0,0.0,0.0,30.0
0.0,0.0,multiframe,1,1,0.5257474715293211,,,,,
0.0,0.0,multiframe,1,2,0.3863300851556227,,,,,
0.0,0.0,multiframe,1,3,0.6828041830352891,,,,,
0.0,0.0,multiframe,1,4,0.700701323623908,,,,,
0.0,0.0,multiframe,1,5,0.5557523122851842,,,,,
0.0,0.0,multiframe,1,6,0.6348707004019268,,,,,
0.0,0.0,multiframe,1,7,0.618683907979523,,,,,
0.0,0.0,multiframe,1,8,0.520700622844953,,,,,
0.0,0.0,multiframe,1,9,0.38642110250927514,,,,,
0.0,0.0,multiframe,1,10,0.5716817018247671,,,,,
0.0,0.0,multiframe,1,11,0.4439730803286535,,,,,
0.0,0.0,multiframe,1,12,0.31528087539716293,,,,,
0.0,0.0,multiframe,1,13,0.5882466069824335,,,,,
0.0,0.0,multiframe,1,14,0.5760916429940988,,,,,
0.0,0.0,multiframe,1,15,0.4944651840133326,,,,,
0.0,0.0,multiframe,1,16,0.5777053139032309,,,,,
0.0,0.0,multiframe,1,17,0.5023887450787409,,,,,
0.0,0.0,multiframe,1,18,0.5518925738767793,,,,,
0.0,0.0,multiframe,1,19,0.44053982535647956,,,,,
0.0,0.0,multiframe,1,20,0.4867611209896814,,,,,
0.0,0.0,multiframe,1,21,0.5804279840574317,,,,,
0.0,0.0,multiframe,1,22,0.5207339794877864,,,,,
0.0,0.0,multiframe,1,23,0.4225966609674367,,,,,
0.0,0.0,multiframe,1,24,0.5627851887068761,,,,,
0.0,0.0,multiframe,1,25,0.6316805140930386,,,,,
0.0,0.0,multiframe,1,26,0.49551765613431886,,,,,
0.0,0.0,multiframe,1,27,0.540923913289713,,,,,
0.0,0.0,multiframe,1,28,0.611287570820442,,,,,
0.0,0.0,multiframe,1,29,0.591065485668334,,,,,
0.0,0.0,multiframe,1,30,0.615653073123157,,,,,
0.0,0.0,multiframe,1,-1,0.615653073123157,17.0,13.0,0.0,0.0,30.0
0.0,0.0,multiframe,2,1,0.6240730983237065,,,,,
0.0,0.0,multiframe,2,2,0.5840849349789186,,,,,
0.0,0.0,multiframe,2,3,0.41045113873916456,,,,,
0.0,0.0,multiframe,2,4,0.6515748464717542,,,,,
0.0,0.0,multiframe,2,5,0.6033159553599504,,,,,
0.0,0.0,multiframe,2,6,0.5594853507900546,,,,,
0.0,0.0,multiframe,2,7,0.49743010380732705,,,,,
0.0,0.0,multiframe,2,8,0.565059943107193,,,,,
0.0,0.0,multiframe,2,9,0.6949762851387492,,,,,
0.0,0.0,multiframe,2,10,0.8143213227216509,,,,,
0.0,0.0,multiframe,2,11,0.43815986685164526,,,,,
0.0,0.0,multiframe,2,12,0.5386598225119531,,,,,
0.0,0.0,multiframe,2,13,0.7704699856014136,,,,,
0.0,0.0,multiframe,2,14,0.6498587859178065,,,,,
0.0,0.0,multiframe,2,15,0.48136336908053856,,,,,
0.0,0.0,multiframe,2,16,0.7043228534317773,,,,,
0.0,0.0,multiframe,2,17,0.5233100275439957,,,,,
0.0,0.0,multiframe,2,18,0.5844494543030465,,,,,
0.0,0.0,multiframe,2,19,0.6138958849017557,,,,,
0.0,0.0,multiframe,2,20,0.6428640562568442,,,,,
0.0,0.0,multiframe,2,21,0.505635442417395,,,,,
0.0,0.0,multiframe,2,22,0.6685055147378935,,,,,
0.0,0.0,multiframe,2,23,0.8556022775373529,,,,,
0.0,0.0,multiframe,2,24,0.6582740152798404,,,,,
0.0,0.0,multiframe,2,25,0.5464714716469027,,,,,
0.0,0.0,multiframe,2,26,0.9656985259244805,,,,,
0.0,0.0,multiframe,2,27,0.5074221084824507,,,,,
0.0,0.0,multiframe,2,28,0.48247161110414083,,,,,
0.0,0.0,multiframe,2,29,0.9303658710972615,,,,,
0.0,0.0,multiframe,2,30,0.47152883202210233,,,,,
0.0,0.0,multiframe,2,-1,0.47152883202210233,21.0,9.0,0.0,0.0,30.0
0.0,0.0,multiframe,3,1,0.6655039868231201,,,,,
0.0,0.0,multiframe,3,2,0.664340794936484,,,,,
0.0,0.0,multiframe,3,3,0.6795646798925843,,,,,
0.0,0.0,multiframe,3,4,0.7497514132312121,,,,,
0.0,0.0,multiframe,3,5,0.5790593703152063,,,,,
0.0,0.0,multiframe,3,6,0.8299453592794253,,,,,
0.0,0.0,multiframe,3,7,0.6333546206304962,,,,,
0.0,0.0,multiframe,3,8,0.8287026115416568,,,,,
0.0,0.0,multiframe,3,9,0.6463963192305986,,,,,
0.0,0.0,multiframe,3,10,0.373101166528537,,,,,
0.0,0.0,multiframe,3,11,0.8151853853947363,,,,,
0.0,0.0,multiframe,3,12,0.8471506585383559,,,,,
0.0,0.0,multiframe,3,13,0.6913685052936471,,,,,
0.0,0.0,multiframe,3,14,0.7285477597614913,,,,,
0.0,0.0,multiframe,3,15,0.7083186068028681,,,,,
0.0,0.0,multiframe,3,16,0.8446406633758254,,,,,
0.0,0.0,multiframe,3,17,0.4476135256930492,,,,,
0.0,0.0,multiframe,3,18,0.5587268248293313,,,,,
0.0,0.0,multiframe,3,19,0.7046538317612786,,,,,
0.0,0.0,multiframe,3,20,0.8600646049535325,,,,,
0.0,0.0,multiframe,3,21,0.6618706952279066,,,,,
0.0,0.0,multiframe,3,22,0.8512672646850993,,,,,
0.0,0.0,multiframe,3,23,0.599291391896615,,,,,
0.0,0.0,multiframe,3,24,0.6086765606547914,,,,,
0.0,0.0,multiframe,3,25,0.6808827448512449,,,,,
0.0,0.0,multiframe,3,26,0.7549303997263332,,,,,
0.0,0.0,multiframe,3,27,0.686781474255618,,,,,
0.0,0.0,multiframe,3,28,0.644356016935666,,,,,
0.0,0.0,multiframe,3,29,0.6679177312547907,,,,,
0.0,0.0,multiframe,3,30,0.7202467383683475,,,,,
0.0,0.0,multiframe,3,-1,0.7202467383683475,16.0,14.0,0.0,0.0,30.0
0.0,0.0,multiframe,4,1,0.5955010265181149,,,,,
0.0,0.0,multiframe,4,2,0.6302891851147673,,,,,
0.0,0.0,multiframe,4,3,0.8412016128642194,,,,,
0.0,0.0,multiframe,4,4,0.5943719123287164,,,,,
0.0,0.0,multiframe,4,5,0.7712370462481577,,,,,
0.0,0.0,multiframe,4,6,0.7809652193827086,,,,,
0.0,0.0,multiframe,4,7,0.5702642248042563,,,,,
0.0,0.0,multiframe,4,8,0.6777858257946127,,,,,
0.0,0.0,multiframe,4,9,0.6541645721320717,,,,,
0.0,0.0,multiframe,4,10,0.7006237473935334,,,,,
0.0,0.0,multiframe,4,11,0.7144691428435093,,,,,
0.0,0.0,multiframe,4,12,0.7137458438063639,,,,,
0.0,0.0,multiframe,4,13,0.6568496931278118,,,,,
0.0,0.0,multiframe,4,14,0.6917706973985407,,,,,
0.0,0.0,multiframe,4,15,0.6077912470416014,,,,,
0.0,0.0,multiframe,4,16,0.706097840296561,,,,,
0.0,0.0,multiframe,4,17,0.786932669040564,,,,,
0.0,0.0,multiframe,4,18,0.79175842329495,,,,,
0.0,0.0,multiframe,4,19,0.35363167803865986,,,,,
0.0,0.0,multiframe,4,20,0.6303978006970836,,,,,
0.0,0.0,multiframe,4,21,0.7730792081573654,,,,,
0.0,0.0,multiframe,4,22,0.680390727385451,,,,,
0.0,0.0,multiframe,4,23,0.8804425658298457,,,,,
0.0,0.0,multiframe,4,24,0.5854134685498548,,,,,
0.0,0.0,multiframe,4,25,0.646390392949873,,,,,
0.0,0.0,multiframe,4,26,0.8510211367209688,,,,,
0.0,0.0,multiframe,4,27,0.6664933971185877,,,,,
0.0,0.0,multiframe,4,28,0.760446010451796,,,,,
0.0,0.0,multiframe,4,29,0.6865567609673797,,,,,
0.0,0.0,multiframe,4,30,0.6957785183413149,,,,,
0.0,0.0,multiframe,4,-1,0.6957785183413149,15.0,15.0,0.0,0.0,30.0
0.0,0.0,bt_laplace_bald,0,1,0.6328340952758286,,,,,
0.0,0.0,bt_laplace_bald,0,2,0.40974182260335484,,,,,
0.0,0.0,bt_laplace_bald,0,3,0.3326957360072861,,,,,
0.0,0.0,bt_laplace_bald,0,4,0.5110955496491636,,,,,
0.0,0.0,bt_laplace_bald,0,5,0.5378832781784428,,,,,
0.0,0.0,bt_laplace_bald,0,6,0.41600403873604874,,,,,
0.0,0.0,bt_laplace_bald,0,7,0.5566722113076124,,,,,
0.0,0.0,bt_laplace_bald,0,8,0.4393788084031734,,,,,
0.0,0.0,bt_laplace_bald,0,9,0.4543229992451472,,,,,
0.0,0.0,bt_laplace_bald,0,10,0.4234350916351646,,,,,
0.0,0.0,bt_laplace_bald,0,11,0.4614039023383547,,,,,
0.0,0.0,bt_laplace_bald,0,12,0.5173310011439307,,,,,
0.0,0.0,bt_laplace_bald,0,13,0.46789983670667906,,,,,
0.0,0.0,bt_laplace_bald,0,14,0.4911148675493909,,,,,
0.0,0.0,bt_laplace_bald,0,15,0.4889048102627863,,,,,
0.0,0.0,bt_laplace_bald,0,16,0.5339277933393752,,,,,
0.0,0.0,bt_laplace_bald,0,17,0.5443539705571214,,,,,
0.0,0.0,bt_laplace_bald,0,18,0.6422427377139782,,,,,
0.0,0.0,bt_laplace_bald,0,19,0.6075364345348986,,,,,
0.0,0.0,bt_laplace_bald,0,20,0.6570269598676937,,,,,
0.0,0.0,bt_laplace_bald,0,21,0.6366912011352832,,,,,
0.0,0.0,bt_laplace_bald,0,22,0.5242264962322636,,,,,
0.0,0.0,bt_laplace_bald,0,23,0.46975553756766114,,,,,
0.0,0.0,bt_laplace_bald,0,24,0.5260757912095836,,,,,
0.0,0.0,bt_laplace_bald,0,25,0.45372143812193494,,,,,
0.0,0.0,bt_laplace_bald,0,26,0.5038046924784342,,,,,
0.0,0.0,bt_laplace_bald,0,27,0.4828569551724799,,,,,
0.0,0.0,bt_laplace_bald,0,28,0.4781334952430886,,,,,
0.0,0.0,bt_laplace_bald,0,29,0.5592167621088833,,,,,
0.0,0.0,bt_laplace_bald,0,30,0.5384291263270268,,,,,
0.0,0.0,bt_laplace_bald,0,-1,0.5384291263270268,19.0,11.0,0.0,0.0,30.0
0.0,0.0,bt_laplace_bald,1,1,0.5778688376664248,,,,,
0.0,0.0,bt_laplace_bald,1,2,0.5244290976133813,,,,,
0.0,0.0,bt_laplace_bald,1,3,0.3660916329413729,,,,,
0.0,0.0,bt_laplace_bald,1,4,0.5516022808313019,,,,,
0.0,0.0,bt_laplace_bald,1,5,0.801973281032418,,,,,
0.0,0.0,bt_laplace_bald,1,6,0.734897756287248,,,,,
0.0,0.0,bt_laplace_bald,1,7,0.8804638374974464,,,,,
0.0,0.0,bt_laplace_bald,1,8,0.6370161223341843,,,,,
0.0,0.0,bt_laplace_bald,1,9,0.8188069683991236,,,,,
0.0,0.0,bt_laplace_bald,1,10,0.9263499804705574,,,,,
0.0,0.0,bt_laplace_bald,1,11,0.9582297039275253,,,,,
0.0,0.0,bt_laplace_bald,1,12,0.8711434934143719,,,,,
0.0,0.0,bt_laplace_bald,1,13,0.8074097747320492,,,,,
0.0,0.0,bt_laplace_bald,1,14,0.8394655090933286,,,,,
0.0,0.0,bt_laplace_bald,1,15,0.8720913522493873,,,,,
0.0,0.0,bt_laplace_bald,1,16,0.8947920368416743,,,,,
0.0,0.0,bt_laplace_bald,1,17,0.8925503554420469,,,,,
0.0,0.0,bt_laplace_bald,1,18,0.8992818161560532,,,,,
0.0,0.0,bt_laplace_bald,1,19,0.8781099003283738,,,,,
0.0,0.0,bt_laplace_bald,1,20,0.9124273151598793,,,,,
0.0,0.0,bt_laplace_bald,1,21,0.9230035736819052,,,,,
0.0,0.0,bt_laplace_bald,1,22,0.8954072465139153,,,,,
0.0,0.0,bt_laplace_bald,1,23,0.9198734339546973,,,,,
0.0,0.0,bt_laplace_bald,1,24,0.8838356006125456,,,,,
0.0,0.0,bt_laplace_bald,1,25,0.8802272275454798,,,,,
0.0,0.0,bt_laplace_bald,1,26,0.9279558050271508,,,,,
0.0,0.0,bt_laplace_bald,1,27,0.9125368114973019,,,,,
0.0,0.0,bt_laplace_bald,1,28,0.8675321506304673,,,,,
0.0,0.0,bt_laplace_bald,1,29,0.8824511544564642,,,,,
0.0,0.0,bt_laplace_bald,1,30,0.9209909546219702,,,,,
0.0,0.0,bt_laplace_bald,1,-1,0.9209909546219702,12.0,18.0,0.0,0.0,30.0
0.0,0.0,bt_laplace_bald,2,1,0.7096779110277378,,,,,
0.0,0.0,bt_laplace_bald,2,2,0.6284065262024704,,,,,
0.0,0.0,bt_laplace_bald,2,3,0.2364547760460935,,,,,
0.0,0.0,bt_laplace_bald,2,4,0.2335208608324439,,,,,
0.0,0.0,bt_laplace_bald,2,5,0.5987930273520309,,,,,
0.0,0.0,bt_laplace_bald,2,6,0.6492335608630982,,,,,
0.0,0.0,bt_laplace_bald,2,7,0.7359734843534337,,,,,
0.0,0.0,bt_laplace_bald,2,8,0.7588062830488282,,,,,
0.0,0.0,bt_laplace_bald,2,9,0.7726804647446632,,,,,
0.0,0.0,bt_laplace_bald,2,10,0.6165066434765649,,,,,
0.0,0.0,bt_laplace_bald,2,11,0.5737752831841455,,,,,
0.0,0.0,bt_laplace_bald,2,12,0.5386139284913332,,,,,
0.0,0.0,bt_laplace_bald,2,13,0.7208802734552923,,,,,
0.0,0.0,bt_laplace_bald,2,14,0.719412804796675,,,,,
0.0,0.0,bt_laplace_bald,2,15,0.6618115016877103,,,,,
0.0,0.0,bt_laplace_bald,2,16,0.8087062756133698,,,,,
0.0,0.0,bt_laplace_bald,2,17,0.8084510614712188,,,,,
0.0,0.0,bt_laplace_bald,2,18,0.8265275278762139,,,,,
0.0,0.0,bt_laplace_bald,2,19,0.8947508809695834,,,,,
0.0,0.0,bt_laplace_bald,2,20,0.9162408020775483,,,,,
0.0,0.0,bt_laplace_bald,2,21,0.9568621463443451,,,,,
0.0,0.0,bt_laplace_bald,2,22,0.965598350150556,,,,,
0.0,0.0,bt_laplace_bald,2,23,0.9585942324250335,,,,,
0.0,0.0,bt_laplace_bald,2,24,0.9252128736766998,,,,,
0.0,0.0,bt_laplace_bald,2,25,0.9591915641892026,,,,,
0.0,0.0,bt_laplace_bald,2,26,0.9421337338637842,,,,,
0.0,0.0,bt_laplace_bald,2,27,0.943770936845523,,,,,
0.0,0.0,bt_laplace_bald,2,28,0.9073432772782838,,,,,
0.0,0.0,bt_laplace_bald,2,29,0.9174277532124459,,,,,
0.0,0.0,bt_laplace_bald,2,30,0.8986594943380984,,,,,
0.0,0.0,bt_laplace_bald,2,-1,0.8986594943380984,13.0,17.0,0.0,0.0,30.0
0.0,0.0,bt_laplace_bald,3,1,0.5990825998441184,,,,,
0.0,0.0,bt_laplace_bald,3,2,0.8006554609976143,,,,,
0.0,0.0,bt_laplace_bald,3,3,0.8280037194727787,,,,,
0.0,0.0,bt_laplace_bald,3,4,0.9845709888405306,,,,,
0.0,0.0,bt_laplace_bald,3,5,0.8862101062066018,,,,,
0.0,0.0,bt_laplace_bald,3,6,0.8620787093212468,,,,,
0.0,0.0,bt_laplace_bald,3,7,0.688600569159391,,,,,
0.0,0.0,bt_laplace_bald,3,8,0.6986533715324709,,,,,
0.0,0.0,bt_laplace_bald,3,9,0.5420334547688936,,,,,
0.0,0.0,bt_laplace_bald,3,10,0.566130154907644,,,,,
0.0,0.0,bt_laplace_bald,3,11,0.5366960272746459,,,,,
0.0,0.0,bt_laplace_bald,3,12,0.5054996946251287,,,,,
0.0,0.0,bt_laplace_bald,3,13,0.5045183200175758,,,,,
0.0,0.0,bt_laplace_bald,3,14,0.48766863809761407,,,,,
0.0,0.0,bt_laplace_bald,3,15,0.5953021036515771,,,,,
0.0,0.0,bt_laplace_bald,3,16,0.5707794749064692,,,,,
0.0,0.0,bt_laplace_bald,3,17,0.5661409747935384,,,,,
0.0,0.0,bt_laplace_bald,3,18,0.5656143855707861,,,,,
0.0,0.0,bt_laplace_bald,3,19,0.5894428197107107,,,,,
0.0,0.0,bt_laplace_bald,3,20,0.542451476604623,,,,,
0.0,0.0,bt_laplace_bald,3,21,0.5320918170080932,,,,,
0.0,0.0,bt_laplace_bald,3,22,0.52976840219619,,,,,
0.0,0.0,bt_laplace_bald,3,23,0.5436010227655581,,,,,
0.0,0.0,bt_laplace_bald,3,24,0.5302895644320503,,,,,
0.0,0.0,bt_laplace_bald,3,25,0.5100061764053706,,,,,
0.0,0.0,bt_laplace_bald,3,26,0.49943792328221304,,,,,
0.0,0.0,bt_laplace_bald,3,27,0.5312062529376994,,,,,
0.0,0.0,bt_laplace_bald,3,28,0.5427257890501812,,,,,
0.0,0.0,bt_laplace_bald,3,29,0.5107959443000899,,,,,
0.0,0.0,bt_laplace_bald,3,30,0.5489340847721177,,,,,
0.0,0.0,bt_laplace_bald,3,-1,0.5489340847721177,13.0,17.0,0.0,0.0,30.0
0.0,0.0,bt_laplace_bald,4,1,0.4532237093503096,,,,,
0.0,0.0,bt_laplace_bald,4,2,0.5327921887081944,,,,,
0.0,0.0,bt_laplace_bald,4,3,0.548039523821393,,,,,
0.0,0.0,bt_laplace_bald,4,4,0.6387378221122236,,,,,
0.0,0.0,bt_laplace_bald,4,5,0.7655270917326019,,,,,
0.0,0.0,bt_laplace_bald,4,6,0.7701346188498194,,,,,
0.0,0.0,bt_laplace_bald,4,7,0.48407980864821076,,,,,
0.0,0.0,bt_laplace_bald,4,8,0.5744800293816504,,,,,
0.0,0.0,bt_laplace_bald,4,9,0.6570213748546526,,,,,
0.0,0.0,bt_laplace_bald,4,10,0.7199284661236433,,,,,
0.0,0.0,bt_laplace_bald,4,11,0.7816868753514603,,,,,
0.0,0.0,bt_laplace_bald,4,12,0.787221718801154,,,,,
0.0,0.0,bt_laplace_bald,4,13,0.7170489106546054,,,,,
0.0,0.0,bt_laplace_bald,4,14,0.6957965260015565,,,,,
0.0,0.0,bt_laplace_bald,4,15,0.7014483937373548,,,,,
0.0,0.0,bt_laplace_bald,4,16,0.7420899956053025,,,,,
0.0,0.0,bt_laplace_bald,4,17,0.7951431003452835,,,,,
0.0,0.0,bt_laplace_bald,4,18,0.7842894809518086,,,,,
0.0,0.0,bt_laplace_bald,4,19,0.8105127497823036,,,,,
0.0,0.0,bt_laplace_bald,4,20,0.7676672538598217,,,,,
0.0,0.0,bt_laplace_bald,4,21,0.7995515979142173,,,,,
0.0,0.0,bt_laplace_bald,4,22,0.7748557645490742,,,,,
0.0,0.0,bt_laplace_bald,4,23,0.7591697462750631,,,,,
0.0,0.0,bt_laplace_bald,4,24,0.7655616136191155,,,,,
0.0,0.0,bt_laplace_bald,4,25,0.7683129545683702,,,,,
0.0,0.0,bt_laplace_bald,4,26,0.7651386469731584,,,,,
0.0,0.0,bt_laplace_bald,4,27,0.7785831976716955,,,,,
0.0,0.0,bt_laplace_bald,4,28,0.7637600720314488,,,,,
0.0,0.0,bt_laplace_bald,4,29,0.7531834252092047,,,,,
0.0,0.0,bt_laplace_bald,4,30,0.7698014768447116,,,,,
0.0,0.0,bt_laplace_bald,4,-1,0.7698014768447116,14.0,16.0,0.0,0.0,30.0
0.0,0.0,bt_laplace_bald_k,0,1,0.6748818273653104,,,,,
0.0,0.0,bt_laplace_bald_k,0,2,0.8833704337835494,,,,,
0.0,0.0,bt_laplace_bald_k,0,3,0.6977211510931167,,,,,
0.0,0.0,bt_laplace_bald_k,0,4,0.8243817867283909,,,,,
0.0,0.0,bt_laplace_bald_k,0,5,0.3823981398245215,,,,,
0.0,0.0,bt_laplace_bald_k,0,6,0.5288633098251779,,,,,
0.0,0.0,bt_laplace_bald_k,0,7,0.5450404129496043,,,,,
0.0,0.0,bt_laplace_bald_k,0,8,0.5764309092913994,,,,,
0.0,0.0,bt_laplace_bald_k,0,9,0.5059017881715021,,,,,
0.0,0.0,bt_laplace_bald_k,0,10,0.5066479433016006,,,,,
0.0,0.0,bt_laplace_bald_k,0,11,0.5436187419809725,,,,,
0.0,0.0,bt_laplace_bald_k,0,12,0.5510336441979656,,,,,
0.0,0.0,bt_laplace_bald_k,0,13,0.53486690909101,,,,,
0.0,0.0,bt_laplace_bald_k,0,14,0.5062283795321495,,,,,
0.0,0.0,bt_laplace_bald_k,0,15,0.48806063166962155,,,,,
0.0,0.0,bt_laplace_bald_k,0,16,0.5024898147232204,,,,,
0.0,0.0,bt_laplace_bald_k,0,17,0.55913224116307,,,,,
0.0,0.0,bt_laplace_bald_k,0,18,0.5513688580073159,,,,,
0.0,0.0,bt_laplace_bald_k,0,19,0.5664151955945019,,,,,
0.0,0.0,bt_laplace_bald_k,0,20,0.5685828816578343,,,,,
0.0,0.0,bt_laplace_bald_k,0,21,0.5449398922381543,,,,,
0.0,0.0,bt_laplace_bald_k,0,22,0.5488414612197575,,,,,
0.0,0.0,bt_laplace_bald_k,0,23,0.5316935054564923,,,,,
0.0,0.0,bt_laplace_bald_k,0,24,0.5384195943748729,,,,,
0.0,0.0,bt_laplace_bald_k,0,25,0.5465601772006512,,,,,
0.0,0.0,bt_laplace_bald_k,0,26,0.5714840477940155,,,,,
0.0,0.0,bt_laplace_bald_k,0,27,0.5932317949076573,,,,,
0.0,0.0,bt_laplace_bald_k,0,28,0.612411170206235,,,,,
0.0,0.0,bt_laplace_bald_k,0,29,0.6226718390413547,,,,,
0.0,0.0,bt_laplace_bald_k,0,30,0.6670224753073438,,,,,
0.0,0.0,bt_laplace_bald_k,0,31,0.7116515565440347,,,,,
0.0,0.0,bt_laplace_bald_k,0,32,0.7054636180629501,,,,,
0.0,0.0,bt_laplace_bald_k,0,33,0.7005716757244644,,,,,
0.0,0.0,bt_laplace_bald_k,0,34,0.7477656297034194,,,,,
0.0,0.0,bt_laplace_bald_k,0,35,0.7106057853695014,,,,,
0.0,0.0,bt_laplace_bald_k,0,36,0.760135335492276,,,,,
0.0,0.0,bt_laplace_bald_k,0,37,0.8008908901931848,,,,,
0.0,0.0,bt_laplace_bald_k,0,38,0.7521533011272672,,,,,
0.0,0.0,bt_laplace_bald_k,0,39,0.7643800119413687,,,,,
0.0,0.0,bt_laplace_bald_k,0,40,0.7717108465271679,,,,,
0.0,0.0,bt_laplace_bald_k,0,41,0.7557211469745244,,,,,
0.0,0.0,bt_laplace_bald_k,0,42,0.7990111428843699,,,,,
0.0,0.0,bt_laplace_bald_k,0,43,0.7450058417310609,,,,,
0.0,0.0,bt_laplace_bald_k,0,44,0.7648529484361819,,,,,
0.0,0.0,bt_laplace_bald_k,0,45,0.7764695518929343,,,,,
0.0,0.0,bt_laplace_bald_k,0,46,0.750438757984228,,,,,
0.0,0.0,bt_laplace_bald_k,0,47,0.7609577837098552,,,,,
0.0,0.0,bt_laplace_bald_k,0,48,0.7955581888100326,,,,,
0.0,0.0,bt_laplace_bald_k,0,49,0.8220775760232537,,,,,
0.0,0.0,bt_laplace_bald_k,0,50,0.8506151073189258,,,,,
0.0,0.0,bt_laplace_bald_k,0,-1,0.8506151073189258,20.0,30.0,0.0,0.0,50.0
0.0,0.0,bt_laplace_bald_k,1,1,0.6101780307272205,,,,,
0.0,0.0,bt_laplace_bald_k,1,2,0.5505862499265486,,,,,
0.0,0.0,bt_laplace_bald_k,1,3,0.2739372799557873,,,,,
0.0,0.0,bt_laplace_bald_k,1,4,0.7110149549012496,,,,,
0.0,0.0,bt_laplace_bald_k,1,5,0.5112223174610733,,,,,
0.0,0.0,bt_laplace_bald_k,1,6,0.6498340920401053,,,,,
0.0,0.0,bt_laplace_bald_k,1,7,0.6939050259074216,,,,,
0.0,0.0,bt_laplace_bald_k,1,8,0.5631984335057955,,,,,
0.0,0.0,bt_laplace_bald_k,1,9,0.4818408374032886,,,,,
0.0,0.0,bt_laplace_bald_k,1,10,0.5147735132104704,,,,,
0.0,0.0,bt_laplace_bald_k,1,11,0.5737410492192616,,,,,
0.0,0.0,bt_laplace_bald_k,1,12,0.5920236187790333,,,,,
0.0,0.0,bt_laplace_bald_k,1,13,0.5870531815201436,,,,,
0.0,0.0,bt_laplace_bald_k,1,14,0.5888829562368405,,,,,
0.0,0.0,bt_laplace_bald_k,1,15,0.6002008486541918,,,,,
0.0,0.0,bt_laplace_bald_k,1,16,0.5901920162973472,,,,,
0.0,0.0,bt_laplace_bald_k,1,17,0.6059810191804792,,,,,
0.0,0.0,bt_laplace_bald_k,1,18,0.565054856663122,,,,,
0.0,0.0,bt_laplace_bald_k,1,19,0.532327090801654,,,,,
0.0,0.0,bt_laplace_bald_k,1,20,0.5065541992837077,,,,,
0.0,0.0,bt_laplace_bald_k,1,21,0.5045590724529355,,,,,
0.0,0.0,bt_laplace_bald_k,1,22,0.5388964308188124,,,,,
0.0,0.0,bt_laplace_bald_k,1,23,0.5211896972171689,,,,,
0.0,0.0,bt_laplace_bald_k,1,24,0.5488196676142945,,,,,
0.0,0.0,bt_laplace_bald_k,1,25,0.5270297670470034,,,,,
0.0,0.0,bt_laplace_bald_k,1,26,0.5580600009734551,,,,,
0.0,0.0,bt_laplace_bald_k,1,27,0.5637938130806502,,,,,
0.0,0.0,bt_laplace_bald_k,1,28,0.56469314502269,,,,,
0.0,0.0,bt_laplace_bald_k,1,29,0.5522052741449196,,,,,
0.0,0.0,bt_laplace_bald_k,1,30,0.5766224233971323,,,,,
0.0,0.0,bt_laplace_bald_k,1,31,0.5672383043031971,,,,,
0.0,0.0,bt_laplace_bald_k,1,32,0.5650923640235894,,,,,
0.0,0.0,bt_laplace_bald_k,1,33,0.5665018344941607,,,,,
0.0,0.0,bt_laplace_bald_k,1,34,0.597576122736982,,,,,
0.0,0.0,bt_laplace_bald_k,1,35,0.5806732403118325,,,,,
0.0,0.0,bt_laplace_bald_k,1,36,0.5792599606796179,,,,,
0.0,0.0,bt_laplace_bald_k,1,37,0.5703069393746415,,,,,
0.0,0.0,bt_laplace_bald_k,1,38,0.5687537936631406,,,,,
0.0,0.0,bt_laplace_bald_k,1,39,0.5425767790676275,,,,,
0.0,0.0,bt_laplace_bald_k,1,40,0.5476800852623949,,,,,
0.0,0.0,bt_laplace_bald_k,1,41,0.5410828624265326,,,,,
0.0,0.0,bt_laplace_bald_k,1,42,0.5266182470453514,,,,,
0.0,0.0,bt_laplace_bald_k,1,43,0.5151293155863007,,,,,
0.0,0.0,bt_laplace_bald_k,1,44,0.515246864537265,,,,,
0.0,0.0,bt_laplace_bald_k,1,45,0.5041104267034912,,,,,
0.0,0.0,bt_laplace_bald_k,1,46,0.5112027415411529,,,,,
0.0,0.0,bt_laplace_bald_k,1,47,0.5419609407123177,,,,,
0.0,0.0,bt_laplace_bald_k,1,48,0.5407150502231585,,,,,
0.0,0.0,bt_laplace_bald_k,1,49,0.5586451419363849,,,,,
0.0,0.0,bt_laplace_bald_k,1,50,0.547552838138212,,,,,
0.0,0.0,bt_laplace_bald_k,1,-1,0.547552838138212,32.0,18.0,0.0,0.0,50.0
0.0,0.0,bt_laplace_bald_k,2,1,0.55146698792218,,,,,
0.0,0.0,bt_laplace_bald_k,2,2,0.5135967370706652,,,,,
0.0,0.0,bt_laplace_bald_k,2,3,0.6301648563991926,,,,,
0.0,0.0,bt_laplace_bald_k,2,4,0.4343221750102238,,,,,
0.0,0.0,bt_laplace_bald_k,2,5,0.6381209954495307,,,,,
0.0,0.0,bt_laplace_bald_k,2,6,0.6966291739970235,,,,,
0.0,0.0,bt_laplace_bald_k,2,7,0.6959766462058579,,,,,
0.0,0.0,bt_laplace_bald_k,2,8,0.6363154411186602,,,,,
0.0,0.0,bt_laplace_bald_k,2,9,0.6930839119698865,,,,,
0.0,0.0,bt_laplace_bald_k,2,10,0.7216554498688448,,,,,
0.0,0.0,bt_laplace_bald_k,2,11,0.613845406443235,,,,,
0.0,0.0,bt_laplace_bald_k,2,12,0.6070276725572173,,,,,
0.0,0.0,bt_laplace_bald_k,2,13,0.5843293801893138,,,,,
0.0,0.0,bt_laplace_bald_k,2,14,0.5253616116505371,,,,,
0.0,0.0,bt_laplace_bald_k,2,15,0.48051359930940085,,,,,
0.0,0.0,bt_laplace_bald_k,2,16,0.5150789295530197,,,,,
0.0,0.0,bt_laplace_bald_k,2,17,0.4950966711672913,,,,,
0.0,0.0,bt_laplace_bald_k,2,18,0.5091827169074107,,,,,
0.0,0.0,bt_laplace_bald_k,2,19,0.5426871472970778,,,,,
0.0,0.0,bt_laplace_bald_k,2,20,0.5345036655066702,,,,,
0.0,0.0,bt_laplace_bald_k,2,21,0.5583848022709915,,,,,
0.0,0.0,bt_laplace_bald_k,2,22,0.5770162330712583,,,,,
0.0,0.0,bt_laplace_bald_k,2,23,0.5721334669646719,,,,,
0.0,0.0,bt_laplace_bald_k,2,24,0.5564230616750281,,,,,
0.0,0.0,bt_laplace_bald_k,2,25,0.5813635326391275,,,,,
0.0,0.0,bt_laplace_bald_k,2,26,0.5767739363892773,,,,,
0.0,0.0,bt_laplace_bald_k,2,27,0.6021757141165484,,,,,
0.0,0.0,bt_laplace_bald_k,2,28,0.6145789868210837,,,,,
0.0,0.0,bt_laplace_bald_k,2,29,0.6000460493886216,,,,,
0.0,0.0,bt_laplace_bald_k,2,30,0.6231481160912378,,,,,
0.0,0.0,bt_laplace_bald_k,2,31,0.638259051334925,,,,,
0.0,0.0,bt_laplace_bald_k,2,32,0.6419048931985571,,,,,
0.0,0.0,bt_laplace_bald_k,2,33,0.6439722972322494,,,,,
0.0,0.0,bt_laplace_bald_k,2,34,0.6390843925903626,,,,,
0.0,0.0,bt_laplace_bald_k,2,35,0.62907821241423,,,,,
0.0,0.0,bt_laplace_bald_k,2,36,0.6265637190228189,,,,,
0.0,0.0,bt_laplace_bald_k,2,37,0.6451280857819551,,,,,
0.0,0.0,bt_laplace_bald_k,2,38,0.6612964576009579,,,,,
0.0,0.0,bt_laplace_bald_k,2,39,0.6436345479857736,,,,,
0.0,0.0,bt_laplace_bald_k,2,40,0.6500880511466336,,,,,
0.0,0.0,bt_laplace_bald_k,2,41,0.6498923496895551,,,,,
0.0,0.0,bt_laplace_bald_k,2,42,0.6429791223785658,,,,,
0.0,0.0,bt_laplace_bald_k,2,43,0.644548807416941,,,,,
0.0,0.0,bt_laplace_bald_k,2,44,0.6504140179758884,,,,,
0.0,0.0,bt_laplace_bald_k,2,45,0.6434334842844208,,,,,
0.0,0.0,bt_laplace_bald_k,2,46,0.6201598400254091,,,,,
0.0,0.0,bt_laplace_bald_k,2,47,0.6239803414160153,,,,,
0.0,0.0,bt_laplace_bald_k,2,48,0.6237237368502105,,,,,
0.0,0.0,bt_laplace_bald_k,2,49,0.6423021210639185,,,,,
0.0,0.0,bt_laplace_bald_k,2,50,0.6321173761869958,,,,,
0.0,0.0,bt_laplace_bald_k,2,-1,0.6321173761869958,29.0,21.0,0.0,0.0,50.0
0.0,0.0,bt_laplace_bald_k,3,1,0.6623306410738952,,,,,
0.0,0.0,bt_laplace_bald_k,3,2,0.5186050849640363,,,,,
0.0,0.0,bt_laplace_bald_k,3,3,0.30892869909257625,,,,,
0.0,0.0,bt_laplace_bald_k,3,4,0.23122602970255549,,,,,
0.0,0.0,bt_laplace_bald_k,3,5,0.40446303974553743,,,,,
0.0,0.0,bt_laplace_bald_k,3,6,0.47965684916280477,,,,,
0.0,0.0,bt_laplace_bald_k,3,7,0.5268730557849136,,,,,
0.0,0.0,bt_laplace_bald_k,3,8,0.6542271418921364,,,,,
0.0,0.0,bt_laplace_bald_k,3,9,0.7260245320445957,,,,,
0.0,0.0,bt_laplace_bald_k,3,10,0.7301822598895483,,,,,
0.0,0.0,bt_laplace_bald_k,3,11,0.6545166519817425,,,,,
0.0,0.0,bt_laplace_bald_k,3,12,0.5907093524052376,,,,,
0.0,0.0,bt_laplace_bald_k,3,13,0.6577404760196357,,,,,
0.0,0.0,bt_laplace_bald_k,3,14,0.6796700347862366,,,,,
0.0,0.0,bt_laplace_bald_k,3,15,0.691898499980811,,,,,
0.0,0.0,bt_laplace_bald_k,3,16,0.6890192531268473,,,,,
0.0,0.0,bt_laplace_bald_k,3,17,0.6694547963926019,,,,,
0.0,0.0,bt_laplace_bald_k,3,18,0.7059024865361249,,,,,
0.0,0.0,bt_laplace_bald_k,3,19,0.6948328811387887,,,,,
0.0,0.0,bt_laplace_bald_k,3,20,0.6926697414731839,,,,,
0.0,0.0,bt_laplace_bald_k,3,21,0.6782051818605863,,,,,
0.0,0.0,bt_laplace_bald_k,3,22,0.6965244314462725,,,,,
0.0,0.0,bt_laplace_bald_k,3,23,0.7051176424771125,,,,,
0.0,0.0,bt_laplace_bald_k,3,24,0.7058366183868967,,,,,
0.0,0.0,bt_laplace_bald_k,3,25,0.7257242352606856,,,,,
0.0,0.0,bt_laplace_bald_k,3,26,0.6929268661666304,,,,,
0.0,0.0,bt_laplace_bald_k,3,27,0.6954942706010439,,,,,
0.0,0.0,bt_laplace_bald_k,3,28,0.7230624260413706,,,,,
0.0,0.0,bt_laplace_bald_k,3,29,0.6867974549344598,,,,,
0.0,0.0,bt_laplace_bald_k,3,30,0.66968396158641,,,,,
0.0,0.0,bt_laplace_bald_k,3,31,0.6711331668672211,,,,,
0.0,0.0,bt_laplace_bald_k,3,32,0.6759499866757953,,,,,
0.0,0.0,bt_laplace_bald_k,3,33,0.6130527089339782,,,,,
0.0,0.0,bt_laplace_bald_k,3,34,0.6219939432782187,,,,,
0.0,0.0,bt_laplace_bald_k,3,35,0.6110339722671997,,,,,
0.0,0.0,bt_laplace_bald_k,3,36,0.6143706958371827,,,,,
0.0,0.0,bt_laplace_bald_k,3,37,0.590039336533672,,,,,
0.0,0.0,bt_laplace_bald_k,3,38,0.6155652304276014,,,,,
0.0,0.0,bt_laplace_bald_k,3,39,0.6026445086378687,,,,,
0.0,0.0,bt_laplace_bald_k,3,40,0.5709646342818946,,,,,
0.0,0.0,bt_laplace_bald_k,3,41,0.5795851697997773,,,,,
0.0,0.0,bt_laplace_bald_k,3,42,0.5581904000675006,,,,,
0.0,0.0,bt_laplace_bald_k,3,43,0.5713137526861295,,,,,
0.0,0.0,bt_laplace_bald_k,3,44,0.5677058769603757,,,,,
0.0,0.0,bt_laplace_bald_k,3,45,0.5526174203027945,,,,,
0.0,0.0,bt_laplace_bald_k,3,46,0.5589754662657371,,,,,
0.0,0.0,bt_laplace_bald_k,3,47,0.5581263883946734,,,,,
0.0,0.0,bt_laplace_bald_k,3,48,0.5574546701671295,,,,,
0.0,0.0,bt_laplace_bald_k,3,49,0.574099154395906,,,,,
0.0,0.0,bt_laplace_bald_k,3,50,0.5525872712464589,,,,,
0.0,0.0,bt_laplace_bald_k,3,-1,0.5525872712464589,24.0,26.0,0.0,0.0,50.0
0.0,0.0,bt_laplace_bald_k,4,1,0.7515813504022206,,,,,
0.0,0.0,bt_laplace_bald_k,4,2,0.5802144703304893,,,,,
0.0,0.0,bt_laplace_bald_k,4,3,0.6310814464194124,,,,,
0.0,0.0,bt_laplace_bald_k,4,4,0.5861980273897812,,,,,
0.0,0.0,bt_laplace_bald_k,4,5,0.3829880386694276,,,,,
0.0,0.0,bt_laplace_bald_k,4,6,0.4197675208937978,,,,,
0.0,0.0,bt_laplace_bald_k,4,7,0.3398035423747298,,,,,
0.0,0.0,bt_laplace_bald_k,4,8,0.4021932211050255,,,,,
0.0,0.0,bt_laplace_bald_k,4,9,0.5041766988169329,,,,,
0.0,0.0,bt_laplace_bald_k,4,10,0.39509367287757435,,,,,
0.0,0.0,bt_laplace_bald_k,4,11,0.43391601867971114,,,,,
0.0,0.0,bt_laplace_bald_k,4,12,0.3717853441104727,,,,,
0.0,0.0,bt_laplace_bald_k,4,13,0.44165905719253307,,,,,
0.0,0.0,bt_laplace_bald_k,4,14,0.3921417397550051,,,,,
0.0,0.0,bt_laplace_bald_k,4,15,0.4219865675210789,,,,,
0.0,0.0,bt_laplace_bald_k,4,16,0.3906075492492844,,,,,
0.0,0.0,bt_laplace_bald_k,4,17,0.4107463534813646,,,,,
0.0,0.0,bt_laplace_bald_k,4,18,0.38644310707523116,,,,,
0.0,0.0,bt_laplace_bald_k,4,19,0.3887379821163905,,,,,
0.0,0.0,bt_laplace_bald_k,4,20,0.4094244155747388,,,,,
0.0,0.0,bt_laplace_bald_k,4,21,0.40226060501678895,,,,,
0.0,0.0,bt_laplace_bald_k,4,22,0.41441965074943227,,,,,
0.0,0.0,bt_laplace_bald_k,4,23,0.3785912284912477,,,,,
0.0,0.0,bt_laplace_bald_k,4,24,0.4157055076538332,,,,,
0.0,0.0,bt_laplace_bald_k,4,25,0.474650583215059,,,,,
0.0,0.0,bt_laplace_bald_k,4,26,0.46986384746167353,,,,,
0.0,0.0,bt_laplace_bald_k,4,27,0.4733426736028875,,,,,
0.0,0.0,bt_laplace_bald_k,4,28,0.5203170184857526,,,,,
0.0,0.0,bt_laplace_bald_k,4,29,0.49270563053499283,,,,,
0.0,0.0,bt_laplace_bald_k,4,30,0.519451585808693,,,,,
0.0,0.0,bt_laplace_bald_k,4,31,0.5385464732965437,,,,,
0.0,0.0,bt_laplace_bald_k,4,32,0.5444089746086646,,,,,
0.0,0.0,bt_laplace_bald_k,4,33,0.5687754003874772,,,,,
0.0,0.0,bt_laplace_bald_k,4,34,0.5911296899881162,,,,,
0.0,0.0,bt_laplace_bald_k,4,35,0.5915405509889807,,,,,
0.0,0.0,bt_laplace_bald_k,4,36,0.5550280564557802,,,,,
0.0,0.0,bt_laplace_bald_k,4,37,0.5718234151424887,,,,,
0.0,0.0,bt_laplace_bald_k,4,38,0.5500690047412751,,,,,
0.0,0.0,bt_laplace_bald_k,4,39,0.5465673422669869,,,,,
0.0,0.0,bt_laplace_bald_k,4,40,0.6002471714853634,,,,,
0.0,0.0,bt_laplace_bald_k,4,41,0.5979262528292383,,,,,
0.0,0.0,bt_laplace_bald_k,4,42,0.5756398465880339,,,,,
0.0,0.0,bt_laplace_bald_k,4,43,0.5579901805694542,,,,,
0.0,0.0,bt_laplace_bald_k,4,44,0.5872862848591528,,,,,
0.0,0.0,bt_laplace_bald_k,4,45,0.6286416191641085,,,,,
0.0,0.0,bt_laplace_bald_k,4,46,0.6485220238921964,,,,,
0.0,0.0,bt_laplace_bald_k,4,47,0.6656153664513673,,,,,
0.0,0.0,bt_laplace_bald_k,4,48,0.689175948638916,,,,,
0.0,0.0,bt_laplace_bald_k,4,49,0.6845030938497054,,,,,
0.0,0.0,bt_laplace_bald_k,4,50,0.7092856464581735,,,,,
0.0,0.0,bt_laplace_bald_k,4,-1,0.7092856464581735,22.0,28.0,0.0,0.0,50.0
0.0,0.0,bt_laplace_bald_random,0,1,0.5016567742399166,,,,,
0.0,0.0,bt_laplace_bald_random,0,2,0.7128378327270484,,,,,
0.0,0.0,bt_laplace_bald_random,0,3,0.6404285016626153,,,,,
0.0,0.0,bt_laplace_bald_random,0,4,0.8346258077991329,,,,,
0.0,0.0,bt_laplace_bald_random,0,5,0.8830748951920411,,,,,
0.0,0.0,bt_laplace_bald_random,0,6,0.7992369242109241,,,,,
0.0,0.0,bt_laplace_bald_random,0,7,0.8518715129812605,,,,,
0.0,0.0,bt_laplace_bald_random,0,8,0.8666660106704693,,,,,
0.0,0.0,bt_laplace_bald_random,0,9,0.8657911813616823,,,,,
0.0,0.0,bt_laplace_bald_random,0,10,0.8113392383245663,,,,,
0.0,0.0,bt_laplace_bald_random,0,11,0.9516975821042142,,,,,
0.0,0.0,bt_laplace_bald_random,0,12,0.8684046327700495,,,,,
0.0,0.0,bt_laplace_bald_random,0,13,0.7255764755729202,,,,,
0.0,0.0,bt_laplace_bald_random,0,14,0.7081726171053823,,,,,
0.0,0.0,bt_laplace_bald_random,0,15,0.7275604646806095,,,,,
0.0,0.0,bt_laplace_bald_random,0,16,0.8273150806782406,,,,,
0.0,0.0,bt_laplace_bald_random,0,17,0.7869209452440139,,,,,
0.0,0.0,bt_laplace_bald_random,0,18,0.828750103913325,,,,,
0.0,0.0,bt_laplace_bald_random,0,19,0.7815365801511687,,,,,
0.0,0.0,bt_laplace_bald_random,0,20,0.8330394088290448,,,,,
0.0,0.0,bt_laplace_bald_random,0,21,0.8953634376805636,,,,,
0.0,0.0,bt_laplace_bald_random,0,22,0.8128977648518145,,,,,
0.0,0.0,bt_laplace_bald_random,0,23,0.7073752641370347,,,,,
0.0,0.0,bt_laplace_bald_random,0,24,0.6605704860074344,,,,,
0.0,0.0,bt_laplace_bald_random,0,25,0.5855787205043967,,,,,
0.0,0.0,bt_laplace_bald_random,0,26,0.49481438261178967,,,,,
0.0,0.0,bt_laplace_bald_random,0,27,0.4924329435590257,,,,,
0.0,0.0,bt_laplace_bald_random,0,28,0.5097919344108384,,,,,
0.0,0.0,bt_laplace_bald_random,0,29,0.39470415489538385,,,,,
0.0,0.0,bt_laplace_bald_random,0,30,0.47636392744989264,,,,,
0.0,0.0,bt_laplace_bald_random,0,-1,0.47636392744989264,7.0,23.0,0.0,0.0,30.0
0.0,0.0,bt_laplace_bald_random,1,1,0.5841483948293397,,,,,
0.0,0.0,bt_laplace_bald_random,1,2,0.6448958972294041,,,,,
0.0,0.0,bt_laplace_bald_random,1,3,0.452523969196009,,,,,
0.0,0.0,bt_laplace_bald_random,1,4,0.6097915443511814,,,,,
0.0,0.0,bt_laplace_bald_random,1,5,0.7879081004143459,,,,,
0.0,0.0,bt_laplace_bald_random,1,6,0.7055439570995238,,,,,
0.0,0.0,bt_laplace_bald_random,1,7,0.7190945442168397,,,,,
0.0,0.0,bt_laplace_bald_random,1,8,0.8375083649745243,,,,,
0.0,0.0,bt_laplace_bald_random,1,9,0.8152427346763776,,,,,
0.0,0.0,bt_laplace_bald_random,1,10,0.8242283326017105,,,,,
0.0,0.0,bt_laplace_bald_random,1,11,0.8089992671903629,,,,,
0.0,0.0,bt_laplace_bald_random,1,12,0.8610321719916035,,,,,
0.0,0.0,bt_laplace_bald_random,1,13,0.8718786954758565,,,,,
0.0,0.0,bt_laplace_bald_random,1,14,0.8638288329835305,,,,,
0.0,0.0,bt_laplace_bald_random,1,15,0.7563071216878179,,,,,
0.0,0.0,bt_laplace_bald_random,1,16,0.7483078772578082,,,,,
0.0,0.0,bt_laplace_bald_random,1,17,0.7784560140829403,,,,,
0.0,0.0,bt_laplace_bald_random,1,18,0.7718200260593506,,,,,
0.0,0.0,bt_laplace_bald_random,1,19,0.7637215297923718,,,,,
0.0,0.0,bt_laplace_bald_random,1,20,0.7533788909750598,,,,,
0.0,0.0,bt_laplace_bald_random,1,21,0.7624735877242735,,,,,
0.0,0.0,bt_laplace_bald_random,1,22,0.739978264369083,,,,,
0.0,0.0,bt_laplace_bald_random,1,23,0.7349077323745198,,,,,
0.0,0.0,bt_laplace_bald_random,1,24,0.7588440223082631,,,,,
0.0,0.0,bt_laplace_bald_random,1,25,0.6955640786241558,,,,,
0.0,0.0,bt_laplace_bald_random,1,26,0.7664330914834436,,,,,
0.0,0.0,bt_laplace_bald_random,1,27,0.7592277395848626,,,,,
0.0,0.0,bt_laplace_bald_random,1,28,0.7208574875304906,,,,,
0.0,0.0,bt_laplace_bald_random,1,29,0.7363497210908919,,,,,
0.0,0.0,bt_laplace_bald_random,1,30,0.7023355401475097,,,,,
0.0,0.0,bt_laplace_bald_random,1,-1,0.7023355401475097,14.0,16.0,0.0,0.0,30.0
0.0,0.0,bt_laplace_bald_random,2,1,0.700164412451166,,,,,
0.0,0.0,bt_laplace_bald_random,2,2,0.5789561320565918,,,,,
0.0,0.0,bt_laplace_bald_random,2,3,0.6110883869587667,,,,,
0.0,0.0,bt_laplace_bald_random,2,4,0.43371925934215744,,,,,
0.0,0.0,bt_laplace_bald_random,2,5,0.7238310408825895,,,,,
0.0,0.0,bt_laplace_bald_random,2,6,0.8441404343125485,,,,,
0.0,0.0,bt_laplace_bald_random,2,7,0.8962884594146144,,,,,
0.0,0.0,bt_laplace_bald_random,2,8,0.9164524284091359,,,,,
0.0,0.0,bt_laplace_bald_random,2,9,0.9597444930613513,,,,,
0.0,0.0,bt_laplace_bald_random,2,10,0.9738424368523044,,,,,
0.0,0.0,bt_laplace_bald_random,2,11,0.9629612226772158,,,,,
0.0,0.0,bt_laplace_bald_random,2,12,0.975739796271731,,,,,
0.0,0.0,bt_laplace_bald_random,2,13,0.9623730326258537,,,,,
0.0,0.0,bt_laplace_bald_random,2,14,0.9635360851407487,,,,,
0.0,0.0,bt_laplace_bald_random,2,15,0.9617198072052061,,,,,
0.0,0.0,bt_laplace_bald_random,2,16,0.954505626797417,,,,,
0.0,0.0,bt_laplace_bald_random,2,17,0.9651489744559886,,,,,
0.0,0.0,bt_laplace_bald_random,2,18,0.9721697520267274,,,,,
0.0,0.0,bt_laplace_bald_random,2,19,0.9615557011480739,,,,,
0.0,0.0,bt_laplace_bald_random,2,20,0.9550911652982322,,,,,
0.0,0.0,bt_laplace_bald_random,2,21,0.9618400068217532,,,,,
0.0,0.0,bt_laplace_bald_random,2,22,0.9596124022649545,,,,,
0.0,0.0,bt_laplace_bald_random,2,23,0.9583583689750715,,,,,
0.0,0.0,bt_laplace_bald_random,2,24,0.9617372293578789,,,,,
0.0,0.0,bt_laplace_bald_random,2,25,0.9527811459523208,,,,,
0.0,0.0,bt_laplace_bald_random,2,26,0.9558723911964419,,,,,
0.0,0.0,bt_laplace_bald_random,2,27,0.9544596135775251,,,,,
0.0,0.0,bt_laplace_bald_random,2,28,0.9798074614447537,,,,,
0.0,0.0,bt_laplace_bald_random,2,29,0.9868948394235348,,,,,
0.0,0.0,bt_laplace_bald_random,2,30,0.9858674842633848,,,,,
0.0,0.0,bt_laplace_bald_random,2,-1,0.9858674842633848,16.0,14.0,0.0,0.0,30.0
0.0,0.0,bt_laplace_bald_random,3,1,0.5242959601443203,,,,,
0.0,0.0,bt_laplace_bald_random,3,2,0.5634546508475091,,,,,
0.0,0.0,bt_laplace_bald_random,3,3,0.2821070891039721,,,,,
0.0,0.0,bt_laplace_bald_random,3,4,0.5591842717286948,,,,,
0.0,0.0,bt_laplace_bald_random,3,5,0.6697854572660605,,,,,
0.0,0.0,bt_laplace_bald_random,3,6,0.8261947720538056,,,,,
0.0,0.0,bt_laplace_bald_random,3,7,0.7938365260719209,,,,,
0.0,0.0,bt_laplace_bald_random,3,8,0.8168433337637887,,,,,
0.0,0.0,bt_laplace_bald_random,3,9,0.8746922284688651,,,,,
0.0,0.0,bt_laplace_bald_random,3,10,0.8044797049685178,,,,,
0.0,0.0,bt_laplace_bald_random,3,11,0.7757379942417183,,,,,
0.0,0.0,bt_laplace_bald_random,3,12,0.78281708077326,,,,,
0.0,0.0,bt_laplace_bald_random,3,13,0.7443015459617556,,,,,
0.0,0.0,bt_laplace_bald_random,3,14,0.730590848840049,,,,,
0.0,0.0,bt_laplace_bald_random,3,15,0.7254226377341445,,,,,
0.0,0.0,bt_laplace_bald_random,3,16,0.7219355195745693,,,,,
0.0,0.0,bt_laplace_bald_random,3,17,0.6814873539553842,,,,,
0.0,0.0,bt_laplace_bald_random,3,18,0.7009648726241742,,,,,
0.0,0.0,bt_laplace_bald_random,3,19,0.704402757105329,,,,,
0.0,0.0,bt_laplace_bald_random,3,20,0.7076287049536122,,,,,
0.0,0.0,bt_laplace_bald_random,3,21,0.7191105855683659,,,,,
0.0,0.0,bt_laplace_bald_random,3,22,0.7326436520852079,,,,,
0.0,0.0,bt_laplace_bald_random,3,23,0.7217793571644425,,,,,
0.0,0.0,bt_laplace_bald_random,3,24,0.7368931677531477,,,,,
0.0,0.0,bt_laplace_bald_random,3,25,0.7059360148016213,,,,,
0.0,0.0,bt_laplace_bald_random,3,26,0.7139534624921743,,,,,
0.0,0.0,bt_laplace_bald_random,3,27,0.7637433625443961,,,,,
0.0,0.0,bt_laplace_bald_random,3,28,0.7342836506525666,,,,,
0.0,0.0,bt_laplace_bald_random,3,29,0.7137952961444957,,,,,
0.0,0.0,bt_laplace_bald_random,3,30,0.6844561264751576,,,,,
0.0,0.0,bt_laplace_bald_random,3,-1,0.6844561264751576,13.0,17.0,0.0,0.0,30.0
0.0,0.0,bt_laplace_bald_random,4,1,0.6445859991703988,,,,,
0.0,0.0,bt_laplace_bald_random,4,2,0.5146128180369401,,,,,
0.0,0.0,bt_laplace_bald_random,4,3,0.5771028448995423,,,,,
0.0,0.0,bt_laplace_bald_random,4,4,0.6246001379491329,,,,,
0.0,0.0,bt_laplace_bald_random,4,5,0.38284618571191764,,,,,
0.0,0.0,bt_laplace_bald_random,4,6,0.749619546207456,,,,,
0.0,0.0,bt_laplace_bald_random,4,7,0.7521799242593591,,,,,
0.0,0.0,bt_laplace_bald_random,4,8,0.8045000091101455,,,,,
0.0,0.0,bt_laplace_bald_random,4,9,0.8638844319102718,,,,,
0.0,0.0,bt_laplace_bald_random,4,10,0.9472848411254121,,,,,
0.0,0.0,bt_laplace_bald_random,4,11,0.9656723148513551,,,,,
0.0,0.0,bt_laplace_bald_random,4,12,0.9555374942530634,,,,,
0.0,0.0,bt_laplace_bald_random,4,13,0.9750003572742654,,,,,
0.0,0.0,bt_laplace_bald_random,4,14,0.9874840075309306,,,,,
0.0,0.0,bt_laplace_bald_random,4,15,0.9837042060655227,,,,,
0.0,0.0,bt_laplace_bald_random,4,16,0.982971651793572,,,,,
0.0,0.0,bt_laplace_bald_random,4,17,0.9502492309476206,,,,,
0.0,0.0,bt_laplace_bald_random,4,18,0.9638482366963619,,,,,
0.0,0.0,bt_laplace_bald_random,4,19,0.9368169788143768,,,,,
0.0,0.0,bt_laplace_bald_random,4,20,0.9361525473379583,,,,,
0.0,0.0,bt_laplace_bald_random,4,21,0.9570361209791635,,,,,
0.0,0.0,bt_laplace_bald_random,4,22,0.9192918734339842,,,,,
0.0,0.0,bt_laplace_bald_random,4,23,0.89971505509015,,,,,
0.0,0.0,bt_laplace_bald_random,4,24,0.926237484874443,,,,,
0.0,0.0,bt_laplace_bald_random,4,25,0.9163039106266724,,,,,
0.0,0.0,bt_laplace_bald_random,4,26,0.9114068585453435,,,,,
0.0,0.0,bt_laplace_bald_random,4,27,0.9067369016000868,,,,,
0.0,0.0,bt_laplace_bald_random,4,28,0.8787504698149959,,,,,
0.0,0.0,bt_laplace_bald_random,4,29,0.8591610196674212,,,,,
0.0,0.0,bt_laplace_bald_random,4,30,0.8849323083040214,,,,,
0.0,0.0,bt_laplace_bald_random,4,-1,0.8849323083040214,13.0,17.0,0.0,0.0,30.0
0.0,0.0,bt_laplace_bald_left,0,1,0.7999274620971734,,,,,
0.0,0.0,bt_laplace_bald_left,0,2,0.7506201389864944,,,,,
0.0,0.0,bt_laplace_bald_left,0,3,0.6546576394870276,,,,,
0.0,0.0,bt_laplace_bald_left,0,4,0.746538556754834,,,,,
0.0,0.0,bt_laplace_bald_left,0,5,0.38198276895637895,,,,,
0.0,0.0,bt_laplace_bald_left,0,6,0.6357129414043784,,,,,
0.0,0.0,bt_laplace_bald_left,0,7,0.7700629638866112,,,,,
0.0,0.0,bt_laplace_bald_left,0,8,0.827809093721766,,,,,
0.0,0.0,bt_laplace_bald_left,0,9,0.9186149299836462,,,,,
0.0,0.0,bt_laplace_bald_left,0,10,0.9478827351532505,,,,,
0.0,0.0,bt_laplace_bald_left,0,11,0.9204871067749257,,,,,
0.0,0.0,bt_laplace_bald_left,0,12,0.9408196054745241,,,,,
0.0,0.0,bt_laplace_bald_left,0,13,0.9561359618221943,,,,,
0.0,0.0,bt_laplace_bald_left,0,14,0.9758608401474754,,,,,
0.0,0.0,bt_laplace_bald_left,0,15,0.9661872158106563,,,,,
0.0,0.0,bt_laplace_bald_left,0,16,0.9756178568744149,,,,,
0.0,0.0,bt_laplace_bald_left,0,17,0.974274504583511,,,,,
0.0,0.0,bt_laplace_bald_left,0,18,0.9859145533179792,,,,,
0.0,0.0,bt_laplace_bald_left,0,19,0.9879345514960375,,,,,
0.0,0.0,bt_laplace_bald_left,0,20,0.9877224417167845,,,,,
0.0,0.0,bt_laplace_bald_left,0,21,0.9709672600539486,,,,,
0.0,0.0,bt_laplace_bald_left,0,22,0.9624845005066504,,,,,
0.0,0.0,bt_laplace_bald_left,0,23,0.952054295698738,,,,,
0.0,0.0,bt_laplace_bald_left,0,24,0.9597567384185378,,,,,
0.0,0.0,bt_laplace_bald_left,0,25,0.9704817424965564,,,,,
0.0,0.0,bt_laplace_bald_left,0,26,0.9602826508410808,,,,,
0.0,0.0,bt_laplace_bald_left,0,27,0.9509614635608208,,,,,
0.0,0.0,bt_laplace_bald_left,0,28,0.9547388092201932,,,,,
0.0,0.0,bt_laplace_bald_left,0,29,0.9565392973005791,,,,,
0.0,0.0,bt_laplace_bald_left,0,30,0.9692573247739796,,,,,
0.0,0.0,bt_laplace_bald_left,0,-1,0.9692573247739796,18.0,12.0,0.0,0.0,30.0
0.0,0.0,bt_laplace_bald_left,1,1,0.5834531890592789,,,,,
0.0,0.0,bt_laplace_bald_left,1,2,0.5267236169978224,,,,,
0.0,0.0,bt_laplace_bald_left,1,3,0.5291555908778611,,,,,
0.0,0.0,bt_laplace_bald_left,1,4,0.4626064770760521,,,,,
0.0,0.0,bt_laplace_bald_left,1,5,0.2581533029036792,,,,,
0.0,0.0,bt_laplace_bald_left,1,6,0.6652142554402245,,,,,
0.0,0.0,bt_laplace_bald_left,1,7,0.3508437268211033,,,,,
0.0,0.0,bt_laplace_bald_left,1,8,0.2542634291220239,,,,,
0.0,0.0,bt_laplace_bald_left,1,9,0.24926772868063776,,,,,
0.0,0.0,bt_laplace_bald_left,1,10,0.35133444805982034,,,,,
0.0,0.0,bt_laplace_bald_left,1,11,0.43833202267540683,,,,,
0.0,0.0,bt_laplace_bald_left,1,12,0.3927916885992782,,,,,
0.0,0.0,bt_laplace_bald_left,1,13,0.31656967701378225,,,,,
0.0,0.0,bt_laplace_bald_left,1,14,0.3781154420606704,,,,,
0.0,0.0,bt_laplace_bald_left,1,15,0.2831822421714181,,,,,
0.0,0.0,bt_laplace_bald_left,1,16,0.28025024667953397,,,,,
0.0,0.0,bt_laplace_bald_left,1,17,0.2662491906378889,,,,,
0.0,0.0,bt_laplace_bald_left,1,18,0.3949990634948169,,,,,
0.0,0.0,bt_laplace_bald_left,1,19,0.46844745548902,,,,,
0.0,0.0,bt_laplace_bald_left,1,20,0.6778536260411839,,,,,
0.0,0.0,bt_laplace_bald_left,1,21,0.6119383202572477,,,,,
0.0,0.0,bt_laplace_bald_left,1,22,0.8228704206674554,,,,,
0.0,0.0,bt_laplace_bald_left,1,23,0.8554182551113901,,,,,
0.0,0.0,bt_laplace_bald_left,1,24,0.8883199864096876,,,,,
0.0,0.0,bt_laplace_bald_left,1,25,0.9017761574777681,,,,,
0.0,0.0,bt_laplace_bald_left,1,26,0.9052096702649638,,,,,
0.0,0.0,bt_laplace_bald_left,1,27,0.8972479616806501,,,,,
0.0,0.0,bt_laplace_bald_left,1,28,0.8095888620019598,,,,,
0.0,0.0,bt_laplace_bald_left,1,29,0.7942215674592026,,,,,
0.0,0.0,bt_laplace_bald_left,1,30,0.7431176565078083,,,,,
0.0,0.0,bt_laplace_bald_left,1,-1,0.7431176565078083,23.0,7.0,0.0,0.0,30.0
0.0,0.0,bt_laplace_bald_left,2,1,0.6845283872879666,,,,,
0.0,0.0,bt_laplace_bald_left,2,2,0.6600090089416074,,,,,
0.0,0.0,bt_laplace_bald_left,2,3,0.7295692442167014,,,,,
0.0,0.0,bt_laplace_bald_left,2,4,0.56947738470175,,,,,
0.0,0.0,bt_laplace_bald_left,2,5,0.8121225775519526,,,,,
0.0,0.0,bt_laplace_bald_left,2,6,0.9470936362698668,,,,,
0.0,0.0,bt_laplace_bald_left,2,7,0.964879365617793,,,,,
0.0,0.0,bt_laplace_bald_left,2,8,0.960894318588822,,,,,
0.0,0.0,bt_laplace_bald_left,2,9,0.9708909106942428,,,,,
0.0,0.0,bt_laplace_bald_left,2,10,0.9421324047076185,,,,,
0.0,0.0,bt_laplace_bald_left,2,11,0.9386435737856882,,,,,
0.0,0.0,bt_laplace_bald_left,2,12,0.9364581729195545,,,,,
0.0,0.0,bt_laplace_bald_left,2,13,0.9364533159417698,,,,,
0.0,0.0,bt_laplace_bald_left,2,14,0.9391252541714799,,,,,
0.0,0.0,bt_laplace_bald_left,2,15,0.9044925966258898,,,,,
0.0,0.0,bt_laplace_bald_left,2,16,0.8994628070235274,,,,,
0.0,0.0,bt_laplace_bald_left,2,17,0.9123550637782285,,,,,
0.0,0.0,bt_laplace_bald_left,2,18,0.9122978548757648,,,,,
0.0,0.0,bt_laplace_bald_left,2,19,0.9123918458138898,,,,,
0.0,0.0,bt_laplace_bald_left,2,20,0.8842154428531911,,,,,
0.0,0.0,bt_laplace_bald_left,2,21,0.8792473789246955,,,,,
0.0,0.0,bt_laplace_bald_left,2,22,0.8725593580060759,,,,,
0.0,0.0,bt_laplace_bald_left,2,23,0.8796657320217043,,,,,
0.0,0.0,bt_laplace_bald_left,2,24,0.8802381917279276,,,,,
0.0,0.0,bt_laplace_bald_left,2,25,0.8789961688481163,,,,,
0.0,0.0,bt_laplace_bald_left,2,26,0.8980483647707007,,,,,
0.0,0.0,bt_laplace_bald_left,2,27,0.887533121798351,,,,,
0.0,0.0,bt_laplace_bald_left,2,28,0.8927514857677625,,,,,
0.0,0.0,bt_laplace_bald_left,2,29,0.8935962751383495,,,,,
0.0,0.0,bt_laplace_bald_left,2,30,0.8936830975651222,,,,,
0.0,0.0,bt_laplace_bald_left,2,-1,0.8936830975651222,16.0,14.0,0.0,0.0,30.0
0.0,0.0,bt_laplace_bald_left,3,1,0.5829929902006857,,,,,
0.0,0.0,bt_laplace_bald_left,3,2,0.3862537024465544,,,,,
0.0,0.0,bt_laplace_bald_left,3,3,0.5757804798790607,,,,,
0.0,0.0,bt_laplace_bald_left,3,4,0.4802727509431744,,,,,
0.0,0.0,bt_laplace_bald_left,3,5,0.5745348442119821,,,,,
0.0,0.0,bt_laplace_bald_left,3,6,0.8495148529577665,,,,,
0.0,0.0,bt_laplace_bald_left,3,7,0.7451598149049282,,,,,
0.0,0.0,bt_laplace_bald_left,3,8,0.78645085161336,,,,,
0.0,0.0,bt_laplace_bald_left,3,9,0.7734423473598391,,,,,
0.0,0.0,bt_laplace_bald_left,3,10,0.7558477058868298,,,,,
0.0,0.0,bt_laplace_bald_left,3,11,0.78025882222467,,,,,
0.0,0.0,bt_laplace_bald_left,3,12,0.7385338572354995,,,,,
0.0,0.0,bt_laplace_bald_left,3,13,0.7890392290541786,,,,,
0.0,0.0,bt_laplace_bald_left,3,14,0.7076474010904126,,,,,
0.0,0.0,bt_laplace_bald_left,3,15,0.6723316251962949,,,,,
0.0,0.0,bt_laplace_bald_left,3,16,0.6314602799293144,,,,,
0.0,0.0,bt_laplace_bald_left,3,17,0.644976229885288,,,,,
0.0,0.0,bt_laplace_bald_left,3,18,0.7054371997978873,,,,,
0.0,0.0,bt_laplace_bald_left,3,19,0.6797530135150759,,,,,
0.0,0.0,bt_laplace_bald_left,3,20,0.7105882598896021,,,,,
0.0,0.0,bt_laplace_bald_left,3,21,0.7038513280979705,,,,,
0.0,0.0,bt_laplace_bald_left,3,22,0.6753256666419585,,,,,
0.0,0.0,bt_laplace_bald_left,3,23,0.6182846136727718,,,,,
0.0,0.0,bt_laplace_bald_left,3,24,0.6483507115120014,,,,,
0.0,0.0,bt_laplace_bald_left,3,25,0.6383986005913449,,,,,
0.0,0.0,bt_laplace_bald_left,3,26,0.6269770886549946,,,,,
0.0,0.0,bt_laplace_bald_left,3,27,0.6654557243311932,,,,,
0.0,0.0,bt_laplace_bald_left,3,28,0.6845301540491392,,,,,
0.0,0.0,bt_laplace_bald_left,3,29,0.7059037185852347,,,,,
0.0,0.0,bt_laplace_bald_left,3,30,0.6771994214242231,,,,,
0.0,0.0,bt_laplace_bald_left,3,-1,0.6771994214242231,16.0,14.0,0.0,0.0,30.0
0.0,0.0,bt_laplace_bald_left,4,1,0.5798703761343561,,,,,
0.0,0.0,bt_laplace_bald_left,4,2,0.6273242390211068,,,,,
0.0,0.0,bt_laplace_bald_left,4,3,0.8086550557553214,,,,,
0.0,0.0,bt_laplace_bald_left,4,4,0.8687023651726045,,,,,
0.0,0.0,bt_laplace_bald_left,4,5,0.8203738502011249,,,,,
0.0,0.0,bt_laplace_bald_left,4,6,0.6147718596103733,,,,,
0.0,0.0,bt_laplace_bald_left,4,7,0.5495616853984948,,,,,
0.0,0.0,bt_laplace_bald_left,4,8,0.4681027046716526,,,,,
0.0,0.0,bt_laplace_bald_left,4,9,0.4493030082181973,,,,,
0.0,0.0,bt_laplace_bald_left,4,10,0.40563065101760587,,,,,
0.0,0.0,bt_laplace_bald_left,4,11,0.5540187503531815,,,,,
0.0,0.0,bt_laplace_bald_left,4,12,0.5906076415128295,,,,,
0.0,0.0,bt_laplace_bald_left,4,13,0.6556090377523044,,,,,
0.0,0.0,bt_laplace_bald_left,4,14,0.6098231117401015,,,,,
0.0,0.0,bt_laplace_bald_left,4,15,0.5965733433478262,,,,,
0.0,0.0,bt_laplace_bald_left,4,16,0.6265855209992927,,,,,
0.0,0.0,bt_laplace_bald_left,4,17,0.5531529515799007,,,,,
0.0,0.0,bt_laplace_bald_left,4,18,0.5048086163728706,,,,,
0.0,0.0,bt_laplace_bald_left,4,19,0.4697447408642187,,,,,
0.0,0.0,bt_laplace_bald_left,4,20,0.5512728902464222,,,,,
0.0,0.0,bt_laplace_bald_left,4,21,0.5421414924955048,,,,,
0.0,0.0,bt_laplace_bald_left,4,22,0.5071765238529667,,,,,
0.0,0.0,bt_laplace_bald_left,4,23,0.4786122950813849,,,,,
0.0,0.0,bt_laplace_bald_left,4,24,0.5336464326080413,,,,,
0.0,0.0,bt_laplace_bald_left,4,25,0.5822397282550374,,,,,
0.0,0.0,bt_laplace_bald_left,4,26,0.5652117353693016,,,,,
0.0,0.0,bt_laplace_bald_left,4,27,0.5847404123035714,,,,,
0.0,0.0,bt_laplace_bald_left,4,28,0.6068723341452266,,,,,
0.0,0.0,bt_laplace_bald_left,4,29,0.6209683605317454,,,,,
0.0,0.0,bt_laplace_bald_left,4,30,0.6598907554352651,,,,,
0.0,0.0,bt_laplace_bald_left,4,-1,0.6598907554352651,12.0,18.0,0.0,0.0,30.0
0.2,0.0,multiframe,0,1,0.7880525229731701,,,,,
0.2,0.0,multiframe,0,2,0.9222137245165055,,,,,
0.2,0.0,multiframe,0,3,0.7233205127763738,,,,,
0.2,0.0,multiframe,0,4,0.9757489101161343,,,,,
0.2,0.0,multiframe,0,5,0.8028049442349905,,,,,
0.2,0.0,multiframe,0,6,0.8229930363318929,,,,,
0.2,0.0,multiframe,0,7,0.9289407299591427,,,,,
0.2,0.0,multiframe,0,8,0.9517598287726514,,,,,
0.2,0.0,multiframe,0,9,0.9287787227706523,,,,,
0.2,0.0,multiframe,0,10,0.7861528623796679,,,,,
0.2,0.0,multiframe,0,11,0.9628022574928865,,,,,
0.2,0.0,multiframe,0,12,0.9870408309741038,,,,,
0.2,0.0,multiframe,0,13,0.9202222369730061,,,,,
0.2,0.0,multiframe,0,14,0.9931097653774339,,,,,
0.2,0.0,multiframe,0,15,0.9972167563106752,,,,,
0.2,0.0,multiframe,0,16,0.9303816084134059,,,,,
0.2,0.0,multiframe,0,17,0.9983558087647274,,,,,
0.2,0.0,multiframe,0,18,0.9771299590967457,,,,,
0.2,0.0,multiframe,0,19,0.9635033861023231,,,,,
0.2,0.0,multiframe,0,20,0.9987836191420169,,,,,
0.2,0.0,multiframe,0,21,0.9958813477374343,,,,,
0.2,0.0,multiframe,0,22,0.9758612203879513,,,,,
0.2,0.0,multiframe,0,23,0.9941003136668748,,,,,
0.2,0.0,multiframe,0,24,0.9984966643942276,,,,,
0.2,0.0,multiframe,0,25,0.9973787432412952,,,,,
0.2,0.0,multiframe,0,26,0.9925528674485755,,,,,
0.2,0.0,multiframe,0,27,0.9964520018584166,,,,,
0.2,0.0,multiframe,0,28,0.9974137058589393,,,,,
0.2,0.0,multiframe,0,29,0.9987876408946186,,,,,
0.2,0.0,multiframe,0,30,0.9989817978276793,,,,,
0.2,0.0,multiframe,0,-1,0.9989817978276793,8.0,6.0,16.0,0.0,30.0
0.2,0.0,multiframe,1,1,0.7372476395875102,,,,,
0.2,0.0,multiframe,1,2,0.851228219506584,,,,,
0.2,0.0,multiframe,1,3,0.7762855067367715,,,,,
0.2,0.0,multiframe,1,4,0.9657884616066204,,,,,
0.2,0.0,multiframe,1,5,0.935148670957682,,,,,
0.2,0.0,multiframe,1,6,0.9451278806280841,,,,,
0.2,0.0,multiframe,1,7,0.9825481570696832,,,,,
0.2,0.0,multiframe,1,8,0.9780118425680073,,,,,
0.2,0.0,multiframe,1,9,0.9690029527183143,,,,,
0.2,0.0,multiframe,1,10,0.9829506377797662,,,,,
0.2,0.0,multiframe,1,11,0.9845260659897239,,,,,
0.2,0.0,multiframe,1,12,0.989845215308788,,,,,
0.2,0.0,multiframe,1,13,0.9952883239989534,,,,,
0.2,0.0,multiframe,1,14,0.8212491949372536,,,,,
0.2,0.0,multiframe,1,15,0.9898069998505509,,,,,
0.2,0.0,multiframe,1,16,0.9875756816192011,,,,,
0.2,0.0,multiframe,1,17,0.8795653972783384,,,,,
0.2,0.0,multiframe,1,18,0.9961582308255265,,,,,
0.2,0.0,multiframe,1,19,0.9970932626743291,,,,,
0.2,0.0,multiframe,1,20,0.9933943024953051,,,,,
0.2,0.0,multiframe,1,21,0.981383899472999,,,,,
0.2,0.0,multiframe,1,22,0.9780825244684647,,,,,
0.2,0.0,multiframe,1,23,0.988735446225769,,,,,
0.2,0.0,multiframe,1,24,0.9894039866195441,,,,,
0.2,0.0,multiframe,1,25,0.6543114060645906,,,,,
0.2,0.0,multiframe,1,26,0.9779142558965622,,,,,
0.2,0.0,multiframe,1,27,0.9996216700336721,,,,,
0.2,0.0,multiframe,1,28,0.9396624965550796,,,,,
0.2,0.0,multiframe,1,29,0.9966628312658047,,,,,
0.2,0.0,multiframe,1,30,0.9994886128670011,,,,,
0.2,0.0,multiframe,1,-1,0.9994886128670011,9.0,5.0,16.0,0.0,30.0
0.2,0.0,multiframe,2,1,0.5682193742319733,,,,,
0.2,0.0,multiframe,2,2,0.7495139557855242,,,,,
0.2,0.0,multiframe,2,3,0.7044382461121097,,,,,
0.2,0.0,multiframe,2,4,0.563188124039768,,,,,
0.2,0.0,multiframe,2,5,0.9700986579808831,,,,,
0.2,0.0,multiframe,2,6,0.9556913933001117,,,,,
0.2,0.0,multiframe,2,7,0.9834615734705788,,,,,
0.2,0.0,multiframe,2,8,0.9657535595921374,,,,,
0.2,0.0,multiframe,2,9,0.972761518252278,,,,,
0.2,0.0,multiframe,2,10,0.9663925020059406,,,,,
0.2,0.0,multiframe,2,11,0.9798075280757105,,,,,
0.2,0.0,multiframe,2,12,0.9938960479249663,,,,,
0.2,0.0,multiframe,2,13,0.9976711513562654,,,,,
0.2,0.0,multiframe,2,14,0.9941117800200967,,,,,
0.2,0.0,multiframe,2,15,0.9972188634016155,,,,,
0.2,0.0,multiframe,2,16,0.9984274856311015,,,,,
0.2,0.0,multiframe,2,17,0.49007807861109715,,,,,
0.2,0.0,multiframe,2,18,0.9992217432732641,,,,,
0.2,0.0,multiframe,2,19,0.9996279124216625,,,,,
0.2,0.0,multiframe,2,20,0.9993550886747413,,,,,
0.2,0.0,multiframe,2,21,0.9941621876123014,,,,,
0.2,0.0,multiframe,2,22,0.9970895590849896,,,,,
0.2,0.0,multiframe,2,23,0.9958541775844952,,,,,
0.2,0.0,multiframe,2,24,0.9977506451561092,,,,,
0.2,0.0,multiframe,2,25,0.9983689889127992,,,,,
0.2,0.0,multiframe,2,26,0.9996583943136358,,,,,
0.2,0.0,multiframe,2,27,0.9997132338438396,,,,,
0.2,0.0,multiframe,2,28,0.9985599534744507,,,,,
0.2,0.0,multiframe,2,29,0.998825447318524,,,,,
0.2,0.0,multiframe,2,30,0.9980115273488878,,,,,
0.2,0.0,multiframe,2,-1,0.9980115273488878,7.0,9.0,14.0,0.0,30.0
0.2,0.0,multiframe,3,1,0.7553295046526426,,,,,
0.2,0.0,multiframe,3,2,0.89644185144455,,,,,
0.2,0.0,multiframe,3,3,0.9264966704289147,,,,,
0.2,0.0,multiframe,3,4,0.9608889543561725,,,,,
0.2,0.0,multiframe,3,5,0.9475202135023644,,,,,
0.2,0.0,multiframe,3,6,0.9694645827327636,,,,,
0.2,0.0,multiframe,3,7,0.9788259897403544,,,,,
0.2,0.0,multiframe,3,8,0.9961742966122344,,,,,
0.2,0.0,multiframe,3,9,0.9982677534581534,,,,,
0.2,0.0,multiframe,3,10,0.9968936550363576,,,,,
0.2,0.0,multiframe,3,11,0.9995881006137678,,,,,
0.2,0.0,multiframe,3,12,0.9989707068870095,,,,,
0.2,0.0,multiframe,3,13,0.9971025122507748,,,,,
0.2,0.0,multiframe,3,14,0.9956706947712969,,,,,
0.2,0.0,multiframe,3,15,0.9971916492353295,,,,,
0.2,0.0,multiframe,3,16,0.9991725391125617,,,,,
0.2,0.0,multiframe,3,17,0.7150014539086359,,,,,
0.2,0.0,multiframe,3,18,0.9971680409915163,,,,,
0.2,0.0,multiframe,3,19,0.9998274422031095,,,,,
0.2,0.0,multiframe,3,20,0.9992346424637633,,,,,
0.2,0.0,multiframe,3,21,0.9996722791662446,,,,,
0.2,0.0,multiframe,3,22,0.998427814265344,,,,,
0.2,0.0,multiframe,3,23,0.9988848305045498,,,,,
0.2,0.0,multiframe,3,24,0.998270094524409,,,,,
0.2,0.0,multiframe,3,25,0.997195254181908,,,,,
0.2,0.0,multiframe,3,26,0.9948779636752786,,,,,
0.2,0.0,multiframe,3,27,0.9948622031171913,,,,,
0.2,0.0,multiframe,3,28,0.9966918385894897,,,,,
0.2,0.0,multiframe,3,29,0.9992925793867349,,,,,
0.2,0.0,multiframe,3,30,0.9992322033427493,,,,,
0.2,0.0,multiframe,3,-1,0.9992322033427493,10.0,6.0,14.0,0.0,30.0
0.2,0.0,multiframe,4,1,0.8364586724953558,,,,,
0.2,0.0,multiframe,4,2,0.6116732447768264,,,,,
0.2,0.0,multiframe,4,3,0.9283975512650824,,,,,
0.2,0.0,multiframe,4,4,0.9827866820848997,,,,,
0.2,0.0,multiframe,4,5,0.9665752326572812,,,,,
0.2,0.0,multiframe,4,6,0.99606919004214,,,,,
0.2,0.0,multiframe,4,7,0.6205284814194033,,,,,
0.2,0.0,multiframe,4,8,0.9732578606848743,,,,,
0.2,0.0,multiframe,4,9,0.9080773802790184,,,,,
0.2,0.0,multiframe,4,10,0.9753738746471436,,,,,
0.2,0.0,multiframe,4,11,0.9970564327052764,,,,,
0.2,0.0,multiframe,4,12,0.8819302353370236,,,,,
0.2,0.0,multiframe,4,13,0.9246116939014967,,,,,
0.2,0.0,multiframe,4,14,0.9930346376808982,,,,,
0.2,0.0,multiframe,4,15,0.9291539455428927,,,,,
0.2,0.0,multiframe,4,16,0.9863385468300081,,,,,
0.2,0.0,multiframe,4,17,0.9948617886841465,,,,,
0.2,0.0,multiframe,4,18,0.9295496362337302,,,,,
0.2,0.0,multiframe,4,19,0.9960504991592194,,,,,
0.2,0.0,multiframe,4,20,0.6719165821939678,,,,,
0.2,0.0,multiframe,4,21,0.9988556908230831,,,,,
0.2,0.0,multiframe,4,22,0.6661310402730857,,,,,
0.2,0.0,multiframe,4,23,0.9970440264465519,,,,,
0.2,0.0,multiframe,4,24,0.8105232218681104,,,,,
0.2,0.0,multiframe,4,25,0.9997676455957237,,,,,
0.2,0.0,multiframe,4,26,0.9969677840132037,,,,,
0.2,0.0,multiframe,4,27,0.956025681343046,,,,,
0.2,0.0,multiframe,4,28,0.982722518960384,,,,,
0.2,0.0,multiframe,4,29,0.7861702611178211,,,,,
0.2,0.0,multiframe,4,30,0.8974401118710443,,,,,
0.2,0.0,multiframe,4,-1,0.8974401118710443,6.0,6.0,18.0,0.0,30.0
0.2,0.0,bt_laplace_bald,0,1,0.7290232961346055,,,,,
0.2,0.0,bt_laplace_bald,0,2,0.755324634711775,,,,,
0.2,0.0,bt_laplace_bald,0,3,0.8013008911628312,,,,,
0.2,0.0,bt_laplace_bald,0,4,0.8399584255043671,,,,,
0.2,0.0,bt_laplace_bald,0,5,0.8939469804001773,,,,,
0.2,0.0,bt_laplace_bald,0,6,0.6521776692374663,,,,,
0.2,0.0,bt_laplace_bald,0,7,0.5645284826152381,,,,,
0.2,0.0,bt_laplace_bald,0,8,0.597669520320772,,,,,
0.2,0.0,bt_laplace_bald,0,9,0.6562577003329177,,,,,
0.2,0.0,bt_laplace_bald,0,10,0.6010182079952797,,,,,
0.2,0.0,bt_laplace_bald,0,11,0.592693136398709,,,,,
0.2,0.0,bt_laplace_bald,0,12,0.47733977847436915,,,,,
0.2,0.0,bt_laplace_bald,0,13,0.49554672228661384,,,,,
0.2,0.0,bt_laplace_bald,0,14,0.47471905525989155,,,,,
0.2,0.0,bt_laplace_bald,0,15,0.4839448238110821,,,,,
0.2,0.0,bt_laplace_bald,0,16,0.5093042314666893,,,,,
0.2,0.0,bt_laplace_bald,0,17,0.5381490234616908,,,,,
0.2,0.0,bt_laplace_bald,0,18,0.513124002812782,,,,,
0.2,0.0,bt_laplace_bald,0,19,0.4523274122938271,,,,,
0.2,0.0,bt_laplace_bald,0,20,0.4636753745472393,,,,,
0.2,0.0,bt_laplace_bald,0,21,0.4354754087721498,,,,,
0.2,0.0,bt_laplace_bald,0,22,0.4741006532734281,,,,,
0.2,0.0,bt_laplace_bald,0,23,0.471068484293273,,,,,
0.2,0.0,bt_laplace_bald,0,24,0.4952897191551287,,,,,
0.2,0.0,bt_laplace_bald,0,25,0.48333780878990124,,,,,
0.2,0.0,bt_laplace_bald,0,26,0.503640284267477,,,,,
0.2,0.0,bt_laplace_bald,0,27,0.4881871682359828,,,,,
0.2,0.0,bt_laplace_bald,0,28,0.4794009828985874,,,,,
0.2,0.0,bt_laplace_bald,0,29,0.5098163525112511,,,,,
0.2,0.0,bt_laplace_bald,0,30,0.5099808406524086,,,,,
0.2,0.0,bt_laplace_bald,0,-1,0.5099808406524086,15.0,14.0,1.0,0.0,30.0
0.2,0.0,bt_laplace_bald,1,1,0.5955609780072421,,,,,
0.2,0.0,bt_laplace_bald,1,2,0.5247028737896384,,,,,
0.2,0.0,bt_laplace_bald,1,3,0.7382835926483049,,,,,
0.2,0.0,bt_laplace_bald,1,4,0.2951494384748939,,,,,
0.2,0.0,bt_laplace_bald,1,5,0.43119399372919043,,,,,
0.2,0.0,bt_laplace_bald,1,6,0.843200259391334,,,,,
0.2,0.0,bt_laplace_bald,1,7,0.9318924414365347,,,,,
0.2,0.0,bt_laplace_bald,1,8,0.823405449622216,,,,,
0.2,0.0,bt_laplace_bald,1,9,0.7889322775087145,,,,,
0.2,0.0,bt_laplace_bald,1,10,0.8020567857358232,,,,,
0.2,0.0,bt_laplace_bald,1,11,0.7944495571146861,,,,,
0.2,0.0,bt_laplace_bald,1,12,0.6920967952127816,,,,,
0.2,0.0,bt_laplace_bald,1,13,0.6791578161532248,,,,,
0.2,0.0,bt_laplace_bald,1,14,0.6374454791433459,,,,,
0.2,0.0,bt_laplace_bald,1,15,0.6343883462043305,,,,,
0.2,0.0,bt_laplace_bald,1,16,0.701298339735586,,,,,
0.2,0.0,bt_laplace_bald,1,17,0.7205168413850751,,,,,
0.2,0.0,bt_laplace_bald,1,18,0.7207485498463917,,,,,
0.2,0.0,bt_laplace_bald,1,19,0.6941122683867778,,,,,
0.2,0.0,bt_laplace_bald,1,20,0.6857056790823305,,,,,
0.2,0.0,bt_laplace_bald,1,21,0.6895828147351564,,,,,
0.2,0.0,bt_laplace_bald,1,22,0.7118312369786955,,,,,
0.2,0.0,bt_laplace_bald,1,23,0.7085790193284562,,,,,
0.2,0.0,bt_laplace_bald,1,24,0.7230033863915041,,,,,
0.2,0.0,bt_laplace_bald,1,25,0.687857241324764,,,,,
0.2,0.0,bt_laplace_bald,1,26,0.6808458676926702,,,,,
0.2,0.0,bt_laplace_bald,1,27,0.6782132636658885,,,,,
0.2,0.0,bt_laplace_bald,1,28,0.6685727942799157,,,,,
0.2,0.0,bt_laplace_bald,1,29,0.6668507982681511,,,,,
0.2,0.0,bt_laplace_bald,1,30,0.6766725479902227,,,,,
0.2,0.0,bt_laplace_bald,1,-1,0.6766725479902227,14.0,15.0,1.0,0.0,30.0
0.2,0.0,bt_laplace_bald,2,1,0.6459696120054318,,,,,
0.2,0.0,bt_laplace_bald,2,2,0.6336285787433545,,,,,
0.2,0.0,bt_laplace_bald,2,3,0.7752311832193114,,,,,
0.2,0.0,bt_laplace_bald,2,4,0.8845239923794944,,,,,
0.2,0.0,bt_laplace_bald,2,5,0.2734676105649798,,,,,
0.2,0.0,bt_laplace_bald,2,6,0.6367461939177917,,,,,
0.2,0.0,bt_laplace_bald,2,7,0.5670110337154374,,,,,
0.2,0.0,bt_laplace_bald,2,8,0.47106635889087894,,,,,
0.2,0.0,bt_laplace_bald,2,9,0.5228176540676052,,,,,
0.2,0.0,bt_laplace_bald,2,10,0.6075678411186423,,,,,
0.2,0.0,bt_laplace_bald,2,11,0.7783632379968443,,,,,
0.2,0.0,bt_laplace_bald,2,12,0.7030864910184108,,,,,
0.2,0.0,bt_laplace_bald,2,13,0.8610023119301005,,,,,
0.2,0.0,bt_laplace_bald,2,14,0.77836522971665,,,,,
0.2,0.0,bt_laplace_bald,2,15,0.7735020806526502,,,,,
0.2,0.0,bt_laplace_bald,2,16,0.808207719761134,,,,,
0.2,0.0,bt_laplace_bald,2,17,0.8130939025243373,,,,,
0.2,0.0,bt_laplace_bald,2,18,0.8306583457587385,,,,,
0.2,0.0,bt_laplace_bald,2,19,0.7826973506652577,,,,,
0.2,0.0,bt_laplace_bald,2,20,0.703815489373755,,,,,
0.2,0.0,bt_laplace_bald,2,21,0.5805510094932447,,,,,
0.2,0.0,bt_laplace_bald,2,22,0.6350278397424353,,,,,
0.2,0.0,bt_laplace_bald,2,23,0.6568397434831728,,,,,
0.2,0.0,bt_laplace_bald,2,24,0.5604761273448191,,,,,
0.2,0.0,bt_laplace_bald,2,25,0.6350354379505034,,,,,
0.2,0.0,bt_laplace_bald,2,26,0.7269713815431222,,,,,
0.2,0.0,bt_laplace_bald,2,27,0.752004953527392,,,,,
0.2,0.0,bt_laplace_bald,2,28,0.7452841303406144,,,,,
0.2,0.0,bt_laplace_bald,2,29,0.6945147226836172,,,,,
0.2,0.0,bt_laplace_bald,2,30,0.7263825477558432,,,,,
0.2,0.0,bt_laplace_bald,2,-1,0.7263825477558432,12.0,16.0,2.0,0.0,30.0
0.2,0.0,bt_laplace_bald,3,1,0.5867097286121536,,,,,
0.2,0.0,bt_laplace_bald,3,2,0.7150506199134602,,,,,
0.2,0.0,bt_laplace_bald,3,3,0.2850586360346293,,,,,
0.2,0.0,bt_laplace_bald,3,4,0.280083577050463,,,,,
0.2,0.0,bt_laplace_bald,3,5,0.49141572161348185,,,,,
0.2,0.0,bt_laplace_bald,3,6,0.667488739175321,,,,,
0.2,0.0,bt_laplace_bald,3,7,0.6342852839436266,,,,,
0.2,0.0,bt_laplace_bald,3,8,0.6734917001271337,,,,,
0.2,0.0,bt_laplace_bald,3,9,0.664775817559904,,,,,
0.2,0.0,bt_laplace_bald,3,10,0.6712015077164203,,,,,
0.2,0.0,bt_laplace_bald,3,11,0.6892257281235018,,,,,
0.2,0.0,bt_laplace_bald,3,12,0.6889644929519678,,,,,
0.2,0.0,bt_laplace_bald,3,13,0.6698777247412978,,,,,
0.2,0.0,bt_laplace_bald,3,14,0.6664001197459588,,,,,
0.2,0.0,bt_laplace_bald,3,15,0.7307232019715504,,,,,
0.2,0.0,bt_laplace_bald,3,16,0.766991417748529,,,,,
0.2,0.0,bt_laplace_bald,3,17,0.727250812048803,,,,,
0.2,0.0,bt_laplace_bald,3,18,0.82022049928404,,,,,
0.2,0.0,bt_laplace_bald,3,19,0.8947495064213725,,,,,
0.2,0.0,bt_laplace_bald,3,20,0.8726797675166126,,,,,
0.2,0.0,bt_laplace_bald,3,21,0.8548051192347521,,,,,
0.2,0.0,bt_laplace_bald,3,22,0.8182335313453918,,,,,
0.2,0.0,bt_laplace_bald,3,23,0.7962382700150994,,,,,
0.2,0.0,bt_laplace_bald,3,24,0.7208455279572786,,,,,
0.2,0.0,bt_laplace_bald,3,25,0.6700687902827723,,,,,
0.2,0.0,bt_laplace_bald,3,26,0.6650606685037714,,,,,
0.2,0.0,bt_laplace_bald,3,27,0.6672653621745702,,,,,
0.2,0.0,bt_laplace_bald,3,28,0.6430982189143641,,,,,
0.2,0.0,bt_laplace_bald,3,29,0.6660879173063952,,,,,
0.2,0.0,bt_laplace_bald,3,30,0.6270187193627089,,,,,
0.2,0.0,bt_laplace_bald,3,-1,0.6270187193627089,18.0,12.0,0.0,0.0,30.0
0.2,0.0,bt_laplace_bald,4,1,0.6245671039595585,,,,,
0.2,0.0,bt_laplace_bald,4,2,0.6146951183847337,,,,,
0.2,0.0,bt_laplace_bald,4,3,0.7715811655387239,,,,,
0.2,0.0,bt_laplace_bald,4,4,0.6875814359965081,,,,,
0.2,0.0,bt_laplace_bald,4,5,0.212368772798966,,,,,
0.2,0.0,bt_laplace_bald,4,6,0.21136991916266962,,,,,
0.2,0.0,bt_laplace_bald,4,7,0.21206731691410705,,,,,
0.2,0.0,bt_laplace_bald,4,8,0.21597296722130402,,,,,
0.2,0.0,bt_laplace_bald,4,9,0.20288236933549056,,,,,
0.2,0.0,bt_laplace_bald,4,10,0.37900507972450315,,,,,
0.2,0.0,bt_laplace_bald,4,11,0.36666536857250975,,,,,
0.2,0.0,bt_laplace_bald,4,12,0.4238970739478097,,,,,
0.2,0.0,bt_laplace_bald,4,13,0.385492022188189,,,,,
0.2,0.0,bt_laplace_bald,4,14,0.39122684777002836,,,,,
0.2,0.0,bt_laplace_bald,4,15,0.42242127095427734,,,,,
0.2,0.0,bt_laplace_bald,4,16,0.3593323571408424,,,,,
0.2,0.0,bt_laplace_bald,4,17,0.323540408291255,,,,,
0.2,0.0,bt_laplace_bald,4,18,0.29524416939283843,,,,,
0.2,0.0,bt_laplace_bald,4,19,0.29401223944501775,,,,,
0.2,0.0,bt_laplace_bald,4,20,0.25319010394477454,,,,,
0.2,0.0,bt_laplace_bald,4,21,0.24831580706171072,,,,,
0.2,0.0,bt_laplace_bald,4,22,0.29440161219095023,,,,,
0.2,0.0,bt_laplace_bald,4,23,0.322117903943105,,,,,
0.2,0.0,bt_laplace_bald,4,24,0.40308277596680153,,,,,
0.2,0.0,bt_laplace_bald,4,25,0.4469331498466239,,,,,
0.2,0.0,bt_laplace_bald,4,26,0.4543408265477007,,,,,
0.2,0.0,bt_laplace_bald,4,27,0.412026497060987,,,,,
0.2,0.0,bt_laplace_bald,4,28,0.41855516151632527,,,,,
0.2,0.0,bt_laplace_bald,4,29,0.4142629146329615,,,,,
0.2,0.0,bt_laplace_bald,4,30,0.39669357755824963,,,,,
0.2,0.0,bt_laplace_bald,4,-1,0.39669357755824963,12.0,13.0,5.0,0.0,30.0
0.2,0.0,bt_laplace_bald_k,0,1,0.7222859652606461,,,,,
0.2,0.0,bt_laplace_bald_k,0,2,0.7414766831811685,,,,,
0.2,0.0,bt_laplace_bald_k,0,3,0.806191459435994,,,,,
0.2,0.0,bt_laplace_bald_k,0,4,0.8222744070304369,,,,,
0.2,0.0,bt_laplace_bald_k,0,5,0.7539039372151912,,,,,
0.2,0.0,bt_laplace_bald_k,0,6,0.7040974820372421,,,,,
0.2,0.0,bt_laplace_bald_k,0,7,0.7359268732312975,,,,,
0.2,0.0,bt_laplace_bald_k,0,8,0.5795935760382577,,,,,
0.2,0.0,bt_laplace_bald_k,0,9,0.5583019707367451,,,,,
0.2,0.0,bt_laplace_bald_k,0,10,0.7223370891334836,,,,,
0.2,0.0,bt_laplace_bald_k,0,11,0.6906667797492575,,,,,
0.2,0.0,bt_laplace_bald_k,0,12,0.7168935106934676,,,,,
0.2,0.0,bt_laplace_bald_k,0,13,0.6900014552026948,,,,,
0.2,0.0,bt_laplace_bald_k,0,14,0.6583857406968989,,,,,
0.2,0.0,bt_laplace_bald_k,0,15,0.5511852735595819,,,,,
0.2,0.0,bt_laplace_bald_k,0,16,0.6225853881134269,,,,,
0.2,0.0,bt_laplace_bald_k,0,17,0.5770956762408187,,,,,
0.2,0.0,bt_laplace_bald_k,0,18,0.4615596292004136,,,,,
0.2,0.0,bt_laplace_bald_k,0,19,0.5321426401526687,,,,,
0.2,0.0,bt_laplace_bald_k,0,20,0.6084135473770456,,,,,
0.2,0.0,bt_laplace_bald_k,0,21,0.4506847695808335,,,,,
0.2,0.0,bt_laplace_bald_k,0,22,0.5602508951069708,,,,,
0.2,0.0,bt_laplace_bald_k,0,23,0.5455531077489661,,,,,
0.2,0.0,bt_laplace_bald_k,0,24,0.6341824869820623,,,,,
0.2,0.0,bt_laplace_bald_k,0,25,0.6263861208858416,,,,,
0.2,0.0,bt_laplace_bald_k,0,26,0.6781766011197986,,,,,
0.2,0.0,bt_laplace_bald_k,0,27,0.6679242907127789,,,,,
0.2,0.0,bt_laplace_bald_k,0,28,0.6531883434736209,,,,,
0.2,0.0,bt_laplace_bald_k,0,29,0.6867996871995883,,,,,
0.2,0.0,bt_laplace_bald_k,0,30,0.6231483641487816,,,,,
0.2,0.0,bt_laplace_bald_k,0,31,0.5979644210040367,,,,,
0.2,0.0,bt_laplace_bald_k,0,32,0.5929830634004845,,,,,
0.2,0.0,bt_laplace_bald_k,0,33,0.650083181803501,,,,,
0.2,0.0,bt_laplace_bald_k,0,34,0.6618029109275957,,,,,
0.2,0.0,bt_laplace_bald_k,0,35,0.677914553063835,,,,,
0.2,0.0,bt_laplace_bald_k,0,36,0.6874626347253623,,,,,
0.2,0.0,bt_laplace_bald_k,0,37,0.6971401214517824,,,,,
0.2,0.0,bt_laplace_bald_k,0,38,0.7223409929240581,,,,,
0.2,0.0,bt_laplace_bald_k,0,39,0.7048208009634794,,,,,
0.2,0.0,bt_laplace_bald_k,0,40,0.6870570293596284,,,,,
0.2,0.0,bt_laplace_bald_k,0,41,0.683118777647201,,,,,
0.2,0.0,bt_laplace_bald_k,0,42,0.7257796478044508,,,,,
0.2,0.0,bt_laplace_bald_k,0,43,0.7344133754039031,,,,,
0.2,0.0,bt_laplace_bald_k,0,44,0.7365914141314682,,,,,
0.2,0.0,bt_laplace_bald_k,0,45,0.7167903480098714,,,,,
0.2,0.0,bt_laplace_bald_k,0,46,0.7205276923757057,,,,,
0.2,0.0,bt_laplace_bald_k,0,47,0.7183945385887165,,,,,
0.2,0.0,bt_laplace_bald_k,0,48,0.70317707875478,,,,,
0.2,0.0,bt_laplace_bald_k,0,49,0.7217938952582198,,,,,
0.2,0.0,bt_laplace_bald_k,0,50,0.6745687013682776,,,,,
0.2,0.0,bt_laplace_bald_k,0,51,0.6908880381795363,,,,,
0.2,0.0,bt_laplace_bald_k,0,-1,0.6908880381795363,18.0,32.0,1.0,0.0,51.0
0.2,0.0,bt_laplace_bald_k,1,1,0.6113241599349248,,,,,
0.2,0.0,bt_laplace_bald_k,1,2,0.40090504302153435,,,,,
0.2,0.0,bt_laplace_bald_k,1,3,0.5804158838262432,,,,,
0.2,0.0,bt_laplace_bald_k,1,4,0.43828806520178537,,,,,
0.2,0.0,bt_laplace_bald_k,1,5,0.685681999686599,,,,,
0.2,0.0,bt_laplace_bald_k,1,6,0.8129757789288077,,,,,
0.2,0.0,bt_laplace_bald_k,1,7,0.8089444041414235,,,,,
0.2,0.0,bt_laplace_bald_k,1,8,0.7857432179696595,,,,,
0.2,0.0,bt_laplace_bald_k,1,9,0.8260307624292418,,,,,
0.2,0.0,bt_laplace_bald_k,1,10,0.8149152676274053,,,,,
0.2,0.0,bt_laplace_bald_k,1,11,0.8392935352057733,,,,,
0.2,0.0,bt_laplace_bald_k,1,12,0.8034036736273246,,,,,
0.2,0.0,bt_laplace_bald_k,1,13,0.7649052177844133,,,,,
0.2,0.0,bt_laplace_bald_k,1,14,0.7751934112944997,,,,,
0.2,0.0,bt_laplace_bald_k,1,15,0.800447606938899,,,,,
0.2,0.0,bt_laplace_bald_k,1,16,0.801863621752094,,,,,
0.2,0.0,bt_laplace_bald_k,1,17,0.8276336295433641,,,,,
0.2,0.0,bt_laplace_bald_k,1,18,0.8304892706884425,,,,,
0.2,0.0,bt_laplace_bald_k,1,19,0.8471311063545169,,,,,
0.2,0.0,bt_laplace_bald_k,1,20,0.8152503339485733,,,,,
0.2,0.0,bt_laplace_bald_k,1,21,0.796962886997853,,,,,
0.2,0.0,bt_laplace_bald_k,1,22,0.7742572232904454,,,,,
0.2,0.0,bt_laplace_bald_k,1,23,0.7817214814948225,,,,,
0.2,0.0,bt_laplace_bald_k,1,24,0.7872915823409762,,,,,
0.2,0.0,bt_laplace_bald_k,1,25,0.7769369114501506,,,,,
0.2,0.0,bt_laplace_bald_k,1,26,0.7814784331340343,,,,,
0.2,0.0,bt_laplace_bald_k,1,27,0.7780920952755882,,,,,
0.2,0.0,bt_laplace_bald_k,1,28,0.7774085667556183,,,,,
0.2,0.0,bt_laplace_bald_k,1,29,0.7811159736003768,,,,,
0.2,0.0,bt_laplace_bald_k,1,30,0.7815042629816811,,,,,
0.2,0.0,bt_laplace_bald_k,1,31,0.7981260801769648,,,,,
0.2,0.0,bt_laplace_bald_k,1,32,0.8085127928407012,,,,,
0.2,0.0,bt_laplace_bald_k,1,33,0.7966161764528364,,,,,
0.2,0.0,bt_laplace_bald_k,1,34,0.8027809168210794,,,,,
0.2,0.0,bt_laplace_bald_k,1,35,0.8073613179981262,,,,,
0.2,0.0,bt_laplace_bald_k,1,36,0.8067807880250135,,,,,
0.2,0.0,bt_laplace_bald_k,1,37,0.8073045349656925,,,,,
0.2,0.0,bt_laplace_bald_k,1,38,0.8108986627346464,,,,,
0.2,0.0,bt_laplace_bald_k,1,39,0.8037847561462815,,,,,
0.2,0.0,bt_laplace_bald_k,1,40,0.8039152241020407,,,,,
0.2,0.0,bt_laplace_bald_k,1,41,0.7985984152335864,,,,,
0.2,0.0,bt_laplace_bald_k,1,42,0.7964622644729723,,,,,
0.2,0.0,bt_laplace_bald_k,1,43,0.8066500400131079,,,,,
0.2,0.0,bt_laplace_bald_k,1,44,0.8046074045842696,,,,,
0.2,0.0,bt_laplace_bald_k,1,45,0.8046739595900443,,,,,
0.2,0.0,bt_laplace_bald_k,1,46,0.8063096193858348,,,,,
0.2,0.0,bt_laplace_bald_k,1,47,0.7977077368026092,,,,,
0.2,0.0,bt_laplace_bald_k,1,48,0.7898321230241038,,,,,
0.2,0.0,bt_laplace_bald_k,1,49,0.7953145911426575,,,,,
0.2,0.0,bt_laplace_bald_k,1,50,0.7877669765374619,,,,,
0.2,0.0,bt_laplace_bald_k,1,51,0.7917254436547243,,,,,
0.2,0.0,bt_laplace_bald_k,1,52,0.8038323359488967,,,,,
0.2,0.0,bt_laplace_bald_k,1,-1,0.8038323359488967,31.0,19.0,2.0,0.0,52.0
0.2,0.0,bt_laplace_bald_k,2,1,0.48317211562182516,,,,,
0.2,0.0,bt_laplace_bald_k,2,2,0.5528890245604696,,,,,
0.2,0.0,bt_laplace_bald_k,2,3,0.5421244843762345,,,,,
0.2,0.0,bt_laplace_bald_k,2,4,0.5323315633846001,,,,,
0.2,0.0,bt_laplace_bald_k,2,5,0.8020327598884004,,,,,
0.2,0.0,bt_laplace_bald_k,2,6,0.8771826628566937,,,,,
0.2,0.0,bt_laplace_bald_k,2,7,0.8932035622150173,,,,,
0.2,0.0,bt_laplace_bald_k,2,8,0.9530504563610076,,,,,
0.2,0.0,bt_laplace_bald_k,2,9,0.8277267467529215,,,,,
0.2,0.0,bt_laplace_bald_k,2,10,0.7981801598659142,,,,,
0.2,0.0,bt_laplace_bald_k,2,11,0.6749811369854409,,,,,
0.2,0.0,bt_laplace_bald_k,2,12,0.6629592602487282,,,,,
0.2,0.0,bt_laplace_bald_k,2,13,0.772153351724583,,,,,
0.2,0.0,bt_laplace_bald_k,2,14,0.7880478833693291,,,,,
0.2,0.0,bt_laplace_bald_k,2,15,0.8163052928953498,,,,,
0.2,0.0,bt_laplace_bald_k,2,16,0.8703531199722462,,,,,
0.2,0.0,bt_laplace_bald_k,2,17,0.879452097568767,,,,,
0.2,0.0,bt_laplace_bald_k,2,18,0.7893605352780217,,,,,
0.2,0.0,bt_laplace_bald_k,2,19,0.7409055523572216,,,,,
0.2,0.0,bt_laplace_bald_k,2,20,0.6593835272504001,,,,,
0.2,0.0,bt_laplace_bald_k,2,21,0.6590026833665772,,,,,
0.2,0.0,bt_laplace_bald_k,2,22,0.6469571828099575,,,,,
0.2,0.0,bt_laplace_bald_k,2,23,0.6253840140040272,,,,,
0.2,0.0,bt_laplace_bald_k,2,24,0.6684808261435126,,,,,
0.2,0.0,bt_laplace_bald_k,2,25,0.639702648930137,,,,,
0.2,0.0,bt_laplace_bald_k,2,26,0.6504330063402949,,,,,
0.2,0.0,bt_laplace_bald_k,2,27,0.6363342491303697,,,,,
0.2,0.0,bt_laplace_bald_k,2,28,0.592097905438587,,,,,
0.2,0.0,bt_laplace_bald_k,2,29,0.5971329540939614,,,,,
0.2,0.0,bt_laplace_bald_k,2,30,0.6351157387911534,,,,,
0.2,0.0,bt_laplace_bald_k,2,31,0.634348067430813,,,,,
0.2,0.0,bt_laplace_bald_k,2,32,0.6293660271115319,,,,,
0.2,0.0,bt_laplace_bald_k,2,33,0.6133371713702694,,,,,
0.2,0.0,bt_laplace_bald_k,2,34,0.6184525073204101,,,,,
0.2,0.0,bt_laplace_bald_k,2,35,0.6200251468510053,,,,,
0.2,0.0,bt_laplace_bald_k,2,36,0.6480937473483309,,,,,
0.2,0.0,bt_laplace_bald_k,2,37,0.6997437908550833,,,,,
0.2,0.0,bt_laplace_bald_k,2,38,0.6812417002758486,,,,,
0.2,0.0,bt_laplace_bald_k,2,39,0.6891771757052046,,,,,
0.2,0.0,bt_laplace_bald_k,2,40,0.6873917349232723,,,,,
0.2,0.0,bt_laplace_bald_k,2,41,0.7218356081898057,,,,,
0.2,0.0,bt_laplace_bald_k,2,42,0.7280748014987768,,,,,
0.2,0.0,bt_laplace_bald_k,2,43,0.7376594248216454,,,,,
0.2,0.0,bt_laplace_bald_k,2,44,0.744111070085473,,,,,
0.2,0.0,bt_laplace_bald_k,2,45,0.7462280706838813,,,,,
0.2,0.0,bt_laplace_bald_k,2,46,0.7726392692825073,,,,,
0.2,0.0,bt_laplace_bald_k,2,47,0.7347132697737723,,,,,
0.2,0.0,bt_laplace_bald_k,2,48,0.7631765436111027,,,,,
0.2,0.0,bt_laplace_bald_k,2,49,0.795225171590109,,,,,
0.2,0.0,bt_laplace_bald_k,2,50,0.7932158074948982,,,,,
0.2,0.0,bt_laplace_bald_k,2,-1,0.7932158074948982,15.0,35.0,0.0,0.0,50.0
0.2,0.0,bt_laplace_bald_k,3,1,0.7254603228392372,,,,,
0.2,0.0,bt_laplace_bald_k,3,2,0.7893785278077332,,,,,
0.2,0.0,bt_laplace_bald_k,3,3,0.6307978455215529,,,,,
0.2,0.0,bt_laplace_bald_k,3,4,0.6866204211757789,,,,,
0.2,0.0,bt_laplace_bald_k,3,5,0.5698359758842094,,,,,
0.2,0.0,bt_laplace_bald_k,3,6,0.5901323209765895,,,,,
0.2,0.0,bt_laplace_bald_k,3,7,0.558246744217983,,,,,
0.2,0.0,bt_laplace_bald_k,3,8,0.5750008873460697,,,,,
0.2,0.0,bt_laplace_bald_k,3,9,0.5872241241400026,,,,,
0.2,0.0,bt_laplace_bald_k,3,10,0.48911379757982804,,,,,
0.2,0.0,bt_laplace_bald_k,3,11,0.44288778024195213,,,,,
0.2,0.0,bt_laplace_bald_k,3,12,0.42542834708151683,,,,,
0.2,0.0,bt_laplace_bald_k,3,13,0.42360346119128134,,,,,
0.2,0.0,bt_laplace_bald_k,3,14,0.5652169165589218,,,,,
0.2,0.0,bt_laplace_bald_k,3,15,0.5148783317593641,,,,,
0.2,0.0,bt_laplace_bald_k,3,16,0.5518122378239945,,,,,
0.2,0.0,bt_laplace_bald_k,3,17,0.5881691948287683,,,,,
0.2,0.0,bt_laplace_bald_k,3,18,0.5396414129109898,,,,,
0.2,0.0,bt_laplace_bald_k,3,19,0.6050262845290306,,,,,
0.2,0.0,bt_laplace_bald_k,3,20,0.5928836379580846,,,,,
0.2,0.0,bt_laplace_bald_k,3,21,0.6603288762710771,,,,,
0.2,0.0,bt_laplace_bald_k,3,22,0.5549741695378873,,,,,
0.2,0.0,bt_laplace_bald_k,3,23,0.6961775257800348,,,,,
0.2,0.0,bt_laplace_bald_k,3,24,0.6008109095404052,,,,,
0.2,0.0,bt_laplace_bald_k,3,25,0.5707021840938473,,,,,
0.2,0.0,bt_laplace_bald_k,3,26,0.5893762457960192,,,,,
0.2,0.0,bt_laplace_bald_k,3,27,0.6167676226034119,,,,,
0.2,0.0,bt_laplace_bald_k,3,28,0.5251589234638968,,,,,
0.2,0.0,bt_laplace_bald_k,3,29,0.5938578452770596,,,,,
0.2,0.0,bt_laplace_bald_k,3,30,0.5755812062007458,,,,,
0.2,0.0,bt_laplace_bald_k,3,31,0.5436964736448128,,,,,
0.2,0.0,bt_laplace_bald_k,3,32,0.528927590958088,,,,,
0.2,0.0,bt_laplace_bald_k,3,33,0.5067256448625788,,,,,
0.2,0.0,bt_laplace_bald_k,3,34,0.540102979797089,,,,,
0.2,0.0,bt_laplace_bald_k,3,35,0.5291199529022219,,,,,
0.2,0.0,bt_laplace_bald_k,3,36,0.5049341075954679,,,,,
0.2,0.0,bt_laplace_bald_k,3,37,0.5755669957507291,,,,,
0.2,0.0,bt_laplace_bald_k,3,38,0.6104155429388928,,,,,
0.2,0.0,bt_laplace_bald_k,3,39,0.6014488781929462,,,,,
0.2,0.0,bt_laplace_bald_k,3,40,0.5515508652270386,,,,,
0.2,0.0,bt_laplace_bald_k,3,41,0.5435167995892922,,,,,
0.2,0.0,bt_laplace_bald_k,3,42,0.547782362270528,,,,,
0.2,0.0,bt_laplace_bald_k,3,43,0.5739605555224787,,,,,
0.2,0.0,bt_laplace_bald_k,3,44,0.5741054628500214,,,,,
0.2,0.0,bt_laplace_bald_k,3,45,0.5611105127939612,,,,,
0.2,0.0,bt_laplace_bald_k,3,46,0.5539824256811009,,,,,
0.2,0.0,bt_laplace_bald_k,3,47,0.5239381900071092,,,,,
0.2,0.0,bt_laplace_bald_k,3,48,0.5380609044898154,,,,,
0.2,0.0,bt_laplace_bald_k,3,49,0.49717804384783737,,,,,
0.2,0.0,bt_laplace_bald_k,3,50,0.5060248941919042,,,,,
0.2,0.0,bt_laplace_bald_k,3,51,0.5346241631563129,,,,,
0.2,0.0,bt_laplace_bald_k,3,52,0.5169804132286593,,,,,
0.2,0.0,bt_laplace_bald_k,3,53,0.5412130825541752,,,,,
0.2,0.0,bt_laplace_bald_k,3,54,0.5433333109542715,,,,,
0.2,0.0,bt_laplace_bald_k,3,-1,0.5433333109542715,21.0,29.0,4.0,0.0,54.0
0.2,0.0,bt_laplace_bald_k,4,1,0.42121416941078943,,,,,
0.2,0.0,bt_laplace_bald_k,4,2,0.19810055045066652,,,,,
0.2,0.0,bt_laplace_bald_k,4,3,0.30258892844255414,,,,,
0.2,0.0,bt_laplace_bald_k,4,4,0.694623218365072,,,,,
0.2,0.0,bt_laplace_bald_k,4,5,0.7614957100931408,,,,,
0.2,0.0,bt_laplace_bald_k,4,6,0.9516531545043148,,,,,
0.2,0.0,bt_laplace_bald_k,4,7,0.9206702002575744,,,,,
0.2,0.0,bt_laplace_bald_k,4,8,0.9564465045376838,,,,,
0.2,0.0,bt_laplace_bald_k,4,9,0.9500771311597854,,,,,
0.2,0.0,bt_laplace_bald_k,4,10,0.9163753851177031,,,,,
0.2,0.0,bt_laplace_bald_k,4,11,0.9064329495403837,,,,,
0.2,0.0,bt_laplace_bald_k,4,12,0.949178527590703,,,,,
0.2,0.0,bt_laplace_bald_k,4,13,0.9376410038552857,,,,,
0.2,0.0,bt_laplace_bald_k,4,14,0.9229871413205284,,,,,
0.2,0.0,bt_laplace_bald_k,4,15,0.924493229478832,,,,,
0.2,0.0,bt_laplace_bald_k,4,16,0.9253591283853252,,,,,
0.2,0.0,bt_laplace_bald_k,4,17,0.8975735687305451,,,,,
0.2,0.0,bt_laplace_bald_k,4,18,0.8959134989666394,,,,,
0.2,0.0,bt_laplace_bald_k,4,19,0.9028470601558656,,,,,
0.2,0.0,bt_laplace_bald_k,4,20,0.8913575222276852,,,,,
0.2,0.0,bt_laplace_bald_k,4,21,0.8977071930630175,,,,,
0.2,0.0,bt_laplace_bald_k,4,22,0.9112244283040235,,,,,
0.2,0.0,bt_laplace_bald_k,4,23,0.9241374836743418,,,,,
0.2,0.0,bt_laplace_bald_k,4,24,0.9186113891831414,,,,,
0.2,0.0,bt_laplace_bald_k,4,25,0.9017219571728764,,,,,
0.2,0.0,bt_laplace_bald_k,4,26,0.9025035289542201,,,,,
0.2,0.0,bt_laplace_bald_k,4,27,0.907991473329586,,,,,
0.2,0.0,bt_laplace_bald_k,4,28,0.9082317015235513,,,,,
0.2,0.0,bt_laplace_bald_k,4,29,0.9145033664701352,,,,,
0.2,0.0,bt_laplace_bald_k,4,30,0.8965177961252486,,,,,
0.2,0.0,bt_laplace_bald_k,4,31,0.9035962018466556,,,,,
0.2,0.0,bt_laplace_bald_k,4,32,0.9149927305140153,,,,,
0.2,0.0,bt_laplace_bald_k,4,33,0.8949302548801058,,,,,
0.2,0.0,bt_laplace_bald_k,4,34,0.9016337916023605,,,,,
0.2,0.0,bt_laplace_bald_k,4,35,0.9104495152819421,,,,,
0.2,0.0,bt_laplace_bald_k,4,36,0.9025170265615485,,,,,
0.2,0.0,bt_laplace_bald_k,4,37,0.9088444673953822,,,,,
0.2,0.0,bt_laplace_bald_k,4,38,0.9178325493575412,,,,,
0.2,0.0,bt_laplace_bald_k,4,39,0.9136289361119728,,,,,
0.2,0.0,bt_laplace_bald_k,4,40,0.9025652117267033,,,,,
0.2,0.0,bt_laplace_bald_k,4,41,0.8979532824151611,,,,,
0.2,0.0,bt_laplace_bald_k,4,42,0.8985563159606136,,,,,
0.2,0.0,bt_laplace_bald_k,4,43,0.9006261017243139,,,,,
0.2,0.0,bt_laplace_bald_k,4,44,0.9073259450866467,,,,,
0.2,0.0,bt_laplace_bald_k,4,45,0.9071221669577142,,,,,
0.2,0.0,bt_laplace_bald_k,4,46,0.9023829695655848,,,,,
0.2,0.0,bt_laplace_bald_k,4,47,0.902015590468857,,,,,
0.2,0.0,bt_laplace_bald_k,4,48,0.9079913878397168,,,,,
0.2,0.0,bt_laplace_bald_k,4,49,0.8939620006493709,,,,,
0.2,0.0,bt_laplace_bald_k,4,50,0.8966499860772678,,,,,
0.2,0.0,bt_laplace_bald_k,4,51,0.906563084722903,,,,,
0.2,0.0,bt_laplace_bald_k,4,52,0.9034446579331088,,,,,
0.2,0.0,bt_laplace_bald_k,4,53,0.895043543362743,,,,,
0.2,0.0,bt_laplace_bald_k,4,-1,0.895043543362743,21.0,29.0,3.0,0.0,53.0
0.2,0.0,bt_laplace_bald_random,0,1,0.6970869498438639,,,,,
0.2,0.0,bt_laplace_bald_random,0,2,0.7413183411128371,,,,,
0.2,0.0,bt_laplace_bald_random,0,3,0.8507451907737844,,,,,
0.2,0.0,bt_laplace_bald_random,0,4,0.5194230855413755,,,,,
0.2,0.0,bt_laplace_bald_random,0,5,0.6204799781416767,,,,,
0.2,0.0,bt_laplace_bald_random,0,6,0.6848573834020084,,,,,
0.2,0.0,bt_laplace_bald_random,0,7,0.6128335008677753,,,,,
0.2,0.0,bt_laplace_bald_random,0,8,0.44938531555651223,,,,,
0.2,0.0,bt_laplace_bald_random,0,9,0.657963909233197,,,,,
0.2,0.0,bt_laplace_bald_random,0,10,0.5258207020543598,,,,,
0.2,0.0,bt_laplace_bald_random,0,11,0.46039357981756834,,,,,
0.2,0.0,bt_laplace_bald_random,0,12,0.39299474090603553,,,,,
0.2,0.0,bt_laplace_bald_random,0,13,0.4910967321792036,,,,,
0.2,0.0,bt_laplace_bald_random,0,14,0.4225502768294872,,,,,
0.2,0.0,bt_laplace_bald_random,0,15,0.5618180765329125,,,,,
0.2,0.0,bt_laplace_bald_random,0,16,0.4889133509274873,,,,,
0.2,0.0,bt_laplace_bald_random,0,17,0.4326729666896333,,,,,
0.2,0.0,bt_laplace_bald_random,0,18,0.4564310708737129,,,,,
0.2,0.0,bt_laplace_bald_random,0,19,0.5874266657447457,,,,,
0.2,0.0,bt_laplace_bald_random,0,20,0.663321069697235,,,,,
0.2,0.0,bt_laplace_bald_random,0,21,0.8137724204863716,,,,,
0.2,0.0,bt_laplace_bald_random,0,22,0.8080280725030249,,,,,
0.2,0.0,bt_laplace_bald_random,0,23,0.8009292667648229,,,,,
0.2,0.0,bt_laplace_bald_random,0,24,0.7154770757809813,,,,,
0.2,0.0,bt_laplace_bald_random,0,25,0.658795204749826,,,,,
0.2,0.0,bt_laplace_bald_random,0,26,0.758363651333328,,,,,
0.2,0.0,bt_laplace_bald_random,0,27,0.7858304129117974,,,,,
0.2,0.0,bt_laplace_bald_random,0,28,0.7751793826563075,,,,,
0.2,0.0,bt_laplace_bald_random,0,29,0.6641588641991113,,,,,
0.2,0.0,bt_laplace_bald_random,0,30,0.5343639878894733,,,,,
0.2,0.0,bt_laplace_bald_random,0,-1,0.5343639878894733,14.0,16.0,0.0,0.0,30.0
0.2,0.0,bt_laplace_bald_random,1,1,0.5640596878229877,,,,,
0.2,0.0,bt_laplace_bald_random,1,2,0.7142598468997517,,,,,
0.2,0.0,bt_laplace_bald_random,1,3,0.7488872462106451,,,,,
0.2,0.0,bt_laplace_bald_random,1,4,0.24564720214649885,,,,,
0.2,0.0,bt_laplace_bald_random,1,5,0.2291332950766813,,,,,
0.2,0.0,bt_laplace_bald_random,1,6,0.21042010670801833,,,,,
0.2,0.0,bt_laplace_bald_random,1,7,0.17704408494953802,,,,,
0.2,0.0,bt_laplace_bald_random,1,8,0.16781475028022785,,,,,
0.2,0.0,bt_laplace_bald_random,1,9,0.23660081825513002,,,,,
0.2,0.0,bt_laplace_bald_random,1,10,0.1714855924447448,,,,,
0.2,0.0,bt_laplace_bald_random,1,11,0.17450430090129418,,,,,
0.2,0.0,bt_laplace_bald_random,1,12,0.15057198848257128,,,,,
0.2,0.0,bt_laplace_bald_random,1,13,0.25620737555692774,,,,,
0.2,0.0,bt_laplace_bald_random,1,14,0.2580197965626122,,,,,
0.2,0.0,bt_laplace_bald_random,1,15,0.24447848005317915,,,,,
0.2,0.0,bt_laplace_bald_random,1,16,0.22723675479381722,,,,,
0.2,0.0,bt_laplace_bald_random,1,17,0.21778816873723497,,,,,
0.2,0.0,bt_laplace_bald_random,1,18,0.21993122337763146,,,,,
0.2,0.0,bt_laplace_bald_random,1,19,0.21706217145295592,,,,,
0.2,0.0,bt_laplace_bald_random,1,20,0.20790986781378432,,,,,
0.2,0.0,bt_laplace_bald_random,1,21,0.2581472932417918,,,,,
0.2,0.0,bt_laplace_bald_random,1,22,0.24275817363489252,,,,,
0.2,0.0,bt_laplace_bald_random,1,23,0.2484946969861966,,,,,
0.2,0.0,bt_laplace_bald_random,1,24,0.27186676575560664,,,,,
0.2,0.0,bt_laplace_bald_random,1,25,0.27938812256115947,,,,,
0.2,0.0,bt_laplace_bald_random,1,26,0.282579353612086,,,,,
0.2,0.0,bt_laplace_bald_random,1,27,0.32028007197810604,,,,,
0.2,0.0,bt_laplace_bald_random,1,28,0.34445780630887907,,,,,
0.2,0.0,bt_laplace_bald_random,1,29,0.3749878102287244,,,,,
0.2,0.0,bt_laplace_bald_random,1,30,0.35795243395544507,,,,,
0.2,0.0,bt_laplace_bald_random,1,-1,0.35795243395544507,14.0,14.0,2.0,0.0,30.0
0.2,0.0,bt_laplace_bald_random,2,1,0.6122785989518665,,,,,
0.2,0.0,bt_laplace_bald_random,2,2,0.7026558979080549,,,,,
0.2,0.0,bt_laplace_bald_random,2,3,0.708602750834761,,,,,
0.2,0.0,bt_laplace_bald_random,2,4,0.929526858578952,,,,,
0.2,0.0,bt_laplace_bald_random,2,5,0.7016720703108122,,,,,
0.2,0.0,bt_laplace_bald_random,2,6,0.7922331440800736,,,,,
0.2,0.0,bt_laplace_bald_random,2,7,0.7869296781827099,,,,,
0.2,0.0,bt_laplace_bald_random,2,8,0.6358689192391199,,,,,
0.2,0.0,bt_laplace_bald_random,2,9,0.6195021914014222,,,,,
0.2,0.0,bt_laplace_bald_random,2,10,0.6069195318266186,,,,,
0.2,0.0,bt_laplace_bald_random,2,11,0.631226387312319,,,,,
0.2,0.0,bt_laplace_bald_random,2,12,0.681287080336073,,,,,
0.2,0.0,bt_laplace_bald_random,2,13,0.7089332998380771,,,,,
0.2,0.0,bt_laplace_bald_random,2,14,0.6397716489618096,,,,,
0.2,0.0,bt_laplace_bald_random,2,15,0.6189826818239305,,,,,
0.2,0.0,bt_laplace_bald_random,2,16,0.7311448183968429,,,,,
0.2,0.0,bt_laplace_bald_random,2,17,0.6732255123206533,,,,,
0.2,0.0,bt_laplace_bald_random,2,18,0.7446800350346083,,,,,
0.2,0.0,bt_laplace_bald_random,2,19,0.6761239509338126,,,,,
0.2,0.0,bt_laplace_bald_random,2,20,0.5956045784710673,,,,,
0.2,0.0,bt_laplace_bald_random,2,21,0.674048750102768,,,,,
0.2,0.0,bt_laplace_bald_random,2,22,0.7057564276925219,,,,,
0.2,0.0,bt_laplace_bald_random,2,23,0.7078210270033879,,,,,
0.2,0.0,bt_laplace_bald_random,2,24,0.7000949276373408,,,,,
0.2,0.0,bt_laplace_bald_random,2,25,0.764539951888963,,,,,
0.2,0.0,bt_laplace_bald_random,2,26,0.776550699538725,,,,,
0.2,0.0,bt_laplace_bald_random,2,27,0.7859665803432798,,,,,
0.2,0.0,bt_laplace_bald_random,2,28,0.8050543952431571,,,,,
0.2,0.0,bt_laplace_bald_random,2,29,0.803815013845982,,,,,
0.2,0.0,bt_laplace_bald_random,2,30,0.7736482101525936,,,,,
0.2,0.0,bt_laplace_bald_random,2,-1,0.7736482101525936,12.0,17.0,1.0,0.0,30.0
0.2,0.0,bt_laplace_bald_random,3,1,0.6392557765459795,,,,,
0.2,0.0,bt_laplace_bald_random,3,2,0.7068216286699283,,,,,
0.2,0.0,bt_laplace_bald_random,3,3,0.6853920566645871,,,,,
0.2,0.0,bt_laplace_bald_random,3,4,0.7594887763236825,,,,,
0.2,0.0,bt_laplace_bald_random,3,5,0.7454319943705471,,,,,
0.2,0.0,bt_laplace_bald_random,3,6,0.6724420857598988,,,,,
0.2,0.0,bt_laplace_bald_random,3,7,0.6687919018750268,,,,,
0.2,0.0,bt_laplace_bald_random,3,8,0.5514227849940628,,,,,
0.2,0.0,bt_laplace_bald_random,3,9,0.36658970580614036,,,,,
0.2,0.0,bt_laplace_bald_random,3,10,0.48413094691896835,,,,,
0.2,0.0,bt_laplace_bald_random,3,11,0.5499543957763892,,,,,
0.2,0.0,bt_laplace_bald_random,3,12,0.45871645653941645,,,,,
0.2,0.0,bt_laplace_bald_random,3,13,0.4500817009790147,,,,,
0.2,0.0,bt_laplace_bald_random,3,14,0.5397955490287684,,,,,
0.2,0.0,bt_laplace_bald_random,3,15,0.5293840193860571,,,,,
0.2,0.0,bt_laplace_bald_random,3,16,0.5429690679700928,,,,,
0.2,0.0,bt_laplace_bald_random,3,17,0.5764842810735419,,,,,
0.2,0.0,bt_laplace_bald_random,3,18,0.6104415847119984,,,,,
0.2,0.0,bt_laplace_bald_random,3,19,0.6000561008835814,,,,,
0.2,0.0,bt_laplace_bald_random,3,20,0.6090233933441002,,,,,
0.2,0.0,bt_laplace_bald_random,3,21,0.6127255748109625,,,,,
0.2,0.0,bt_laplace_bald_random,3,22,0.637945798870883,,,,,
0.2,0.0,bt_laplace_bald_random,3,23,0.6839878189376021,,,,,
0.2,0.0,bt_laplace_bald_random,3,24,0.6875508685891675,,,,,
0.2,0.0,bt_laplace_bald_random,3,25,0.7064076112802938,,,,,
0.2,0.0,bt_laplace_bald_random,3,26,0.6985665459454606,,,,,
0.2,0.0,bt_laplace_bald_random,3,27,0.7205980569379616,,,,,
0.2,0.0,bt_laplace_bald_random,3,28,0.703404767792025,,,,,
0.2,0.0,bt_laplace_bald_random,3,29,0.7186295276417198,,,,,
0.2,0.0,bt_laplace_bald_random,3,30,0.6940830455443234,,,,,
0.2,0.0,bt_laplace_bald_random,3,-1,0.6940830455443234,13.0,15.0,2.0,0.0,30.0
0.2,0.0,bt_laplace_bald_random,4,1,0.6441581587149752,,,,,
0.2,0.0,bt_laplace_bald_random,4,2,0.5835960118096852,,,,,
0.2,0.0,bt_laplace_bald_random,4,3,0.8442116060883481,,,,,
0.2,0.0,bt_laplace_bald_random,4,4,0.6764422411627063,,,,,
0.2,0.0,bt_laplace_bald_random,4,5,0.4185369782584264,,,,,
0.2,0.0,bt_laplace_bald_random,4,6,0.4776786792962563,,,,,
0.2,0.0,bt_laplace_bald_random,4,7,0.4193669606890321,,,,,
0.2,0.0,bt_laplace_bald_random,4,8,0.44891209582546154,,,,,
0.2,0.0,bt_laplace_bald_random,4,9,0.5355640423406124,,,,,
0.2,0.0,bt_laplace_bald_random,4,10,0.4740522577686681,,,,,
0.2,0.0,bt_laplace_bald_random,4,11,0.4959131189685507,,,,,
0.2,0.0,bt_laplace_bald_random,4,12,0.3241149965946392,,,,,
0.2,0.0,bt_laplace_bald_random,4,13,0.40006002419880626,,,,,
0.2,0.0,bt_laplace_bald_random,4,14,0.3770134027703537,,,,,
0.2,0.0,bt_laplace_bald_random,4,15,0.3768758218390866,,,,,
0.2,0.0,bt_laplace_bald_random,4,16,0.3584167392807937,,,,,
0.2,0.0,bt_laplace_bald_random,4,17,0.3695365434891497,,,,,
0.2,0.0,bt_laplace_bald_random,4,18,0.3159769639976947,,,,,
0.2,0.0,bt_laplace_bald_random,4,19,0.3734130471726972,,,,,
0.2,0.0,bt_laplace_bald_random,4,20,0.39784054103416316,,,,,
0.2,0.0,bt_laplace_bald_random,4,21,0.43190550587791227,,,,,
0.2,0.0,bt_laplace_bald_random,4,22,0.488714051720874,,,,,
0.2,0.0,bt_laplace_bald_random,4,23,0.514120795140161,,,,,
0.2,0.0,bt_laplace_bald_random,4,24,0.47343158525011864,,,,,
0.2,0.0,bt_laplace_bald_random,4,25,0.5205238057084601,,,,,
0.2,0.0,bt_laplace_bald_random,4,26,0.5556306939228051,,,,,
0.2,0.0,bt_laplace_bald_random,4,27,0.6475067228307309,,,,,
0.2,0.0,bt_laplace_bald_random,4,28,0.6628600199143299,,,,,
0.2,0.0,bt_laplace_bald_random,4,29,0.6702128094703289,,,,,
0.2,0.0,bt_laplace_bald_random,4,30,0.6149657476642727,,,,,
0.2,0.0,bt_laplace_bald_random,4,-1,0.6149657476642727,13.0,17.0,0.0,0.0,30.0
0.2,0.0,bt_laplace_bald_left,0,1,0.6460503247456645,,,,,
0.2,0.0,bt_laplace_bald_left,0,2,0.4344063756849239,,,,,
0.2,0.0,bt_laplace_bald_left,0,3,0.36409725188261943,,,,,
0.2,0.0,bt_laplace_bald_left,0,4,0.5065927298224353,,,,,
0.2,0.0,bt_laplace_bald_left,0,5,0.7167983384192015,,,,,
0.2,0.0,bt_laplace_bald_left,0,6,0.7747710170602372,,,,,
0.2,0.0,bt_laplace_bald_left,0,7,0.8264772359069892,,,,,
0.2,0.0,bt_laplace_bald_left,0,8,0.887800706479098,,,,,
0.2,0.0,bt_laplace_bald_left,0,9,0.8771889598734682,,,,,
0.2,0.0,bt_laplace_bald_left,0,10,0.882685643268929,,,,,
0.2,0.0,bt_laplace_bald_left,0,11,0.7855077839855602,,,,,
0.2,0.0,bt_laplace_bald_left,0,12,0.7802700283209971,,,,,
0.2,0.0,bt_laplace_bald_left,0,13,0.7876749709125281,,,,,
0.2,0.0,bt_laplace_bald_left,0,14,0.7376671688605448,,,,,
0.2,0.0,bt_laplace_bald_left,0,15,0.7718694665907426,,,,,
0.2,0.0,bt_laplace_bald_left,0,16,0.7217092536881163,,,,,
0.2,0.0,bt_laplace_bald_left,0,17,0.7196949106565853,,,,,
0.2,0.0,bt_laplace_bald_left,0,18,0.7551330082062792,,,,,
0.2,0.0,bt_laplace_bald_left,0,19,0.7343809938735963,,,,,
0.2,0.0,bt_laplace_bald_left,0,20,0.7258341483927695,,,,,
0.2,0.0,bt_laplace_bald_left,0,21,0.6404732614065406,,,,,
0.2,0.0,bt_laplace_bald_left,0,22,0.6876447137136785,,,,,
0.2,0.0,bt_laplace_bald_left,0,23,0.6483808214341633,,,,,
0.2,0.0,bt_laplace_bald_left,0,24,0.6431831166993968,,,,,
0.2,0.0,bt_laplace_bald_left,0,25,0.680699211149668,,,,,
0.2,0.0,bt_laplace_bald_left,0,26,0.6821360993740267,,,,,
0.2,0.0,bt_laplace_bald_left,0,27,0.6258673982732096,,,,,
0.2,0.0,bt_laplace_bald_left,0,28,0.5490483005348125,,,,,
0.2,0.0,bt_laplace_bald_left,0,29,0.6310339897057977,,,,,
0.2,0.0,bt_laplace_bald_left,0,30,0.6461006844151608,,,,,
0.2,0.0,bt_laplace_bald_left,0,-1,0.6461006844151608,11.0,19.0,0.0,0.0,30.0
0.2,0.0,bt_laplace_bald_left,1,1,0.6145793348002272,,,,,
0.2,0.0,bt_laplace_bald_left,1,2,0.6948983075606914,,,,,
0.2,0.0,bt_laplace_bald_left,1,3,0.5905382471177816,,,,,
0.2,0.0,bt_laplace_bald_left,1,4,0.3327133278360486,,,,,
0.2,0.0,bt_laplace_bald_left,1,5,0.46458108056928393,,,,,
0.2,0.0,bt_laplace_bald_left,1,6,0.4713668637233773,,,,,
0.2,0.0,bt_laplace_bald_left,1,7,0.5093183393012534,,,,,
0.2,0.0,bt_laplace_bald_left,1,8,0.49896895240580785,,,,,
0.2,0.0,bt_laplace_bald_left,1,9,0.5926578924062654,,,,,
0.2,0.0,bt_laplace_bald_left,1,10,0.575224805820884,,,,,
0.2,0.0,bt_laplace_bald_left,1,11,0.5387624595509458,,,,,
0.2,0.0,bt_laplace_bald_left,1,12,0.5716507200607542,,,,,
0.2,0.0,bt_laplace_bald_left,1,13,0.5746977038377846,,,,,
0.2,0.0,bt_laplace_bald_left,1,14,0.5876706875793011,,,,,
0.2,0.0,bt_laplace_bald_left,1,15,0.6004258846246064,,,,,
0.2,0.0,bt_laplace_bald_left,1,16,0.6022060675961206,,,,,
0.2,0.0,bt_laplace_bald_left,1,17,0.5845201359295312,,,,,
0.2,0.0,bt_laplace_bald_left,1,18,0.6015669849317437,,,,,
0.2,0.0,bt_laplace_bald_left,1,19,0.5941988081711812,,,,,
0.2,0.0,bt_laplace_bald_left,1,20,0.6228979442556661,,,,,
0.2,0.0,bt_laplace_bald_left,1,21,0.6041619955580555,,,,,
0.2,0.0,bt_laplace_bald_left,1,22,0.6178711764396675,,,,,
0.2,0.0,bt_laplace_bald_left,1,23,0.5916888687169815,,,,,
0.2,0.0,bt_laplace_bald_left,1,24,0.586191475946779,,,,,
0.2,0.0,bt_laplace_bald_left,1,25,0.6147493757273038,,,,,
0.2,0.0,bt_laplace_bald_left,1,26,0.6297878247428947,,,,,
0.2,0.0,bt_laplace_bald_left,1,27,0.5872306107840652,,,,,
0.2,0.0,bt_laplace_bald_left,1,28,0.5927560489411389,,,,,
0.2,0.0,bt_laplace_bald_left,1,29,0.5465816787135893,,,,,
0.2,0.0,bt_laplace_bald_left,1,30,0.5282849328748545,,,,,
0.2,0.0,bt_laplace_bald_left,1,-1,0.5282849328748545,11.0,14.0,5.0,0.0,30.0
0.2,0.0,bt_laplace_bald_left,2,1,0.5596336079380856,,,,,
0.2,0.0,bt_laplace_bald_left,2,2,0.6866167644038885,,,,,
0.2,0.0,bt_laplace_bald_left,2,3,0.6587420253810433,,,,,
0.2,0.0,bt_laplace_bald_left,2,4,0.35775662988688733,,,,,
0.2,0.0,bt_laplace_bald_left,2,5,0.6198002046166411,,,,,
0.2,0.0,bt_laplace_bald_left,2,6,0.7803545154024476,,,,,
0.2,0.0,bt_laplace_bald_left,2,7,0.7929152085074922,,,,,
0.2,0.0,bt_laplace_bald_left,2,8,0.7079184104875004,,,,,
0.2,0.0,bt_laplace_bald_left,2,9,0.615239585455998,,,,,
0.2,0.0,bt_laplace_bald_left,2,10,0.6959745251709761,,,,,
0.2,0.0,bt_laplace_bald_left,2,11,0.7454501174303338,,,,,
0.2,0.0,bt_laplace_bald_left,2,12,0.7473818088477701,,,,,
0.2,0.0,bt_laplace_bald_left,2,13,0.658085290883516,,,,,
0.2,0.0,bt_laplace_bald_left,2,14,0.6511047916915829,,,,,
0.2,0.0,bt_laplace_bald_left,2,15,0.7088596383660358,,,,,
0.2,0.0,bt_laplace_bald_left,2,16,0.7493457327685097,,,,,
0.2,0.0,bt_laplace_bald_left,2,17,0.7431179658475083,,,,,
0.2,0.0,bt_laplace_bald_left,2,18,0.7765154693722488,,,,,
0.2,0.0,bt_laplace_bald_left,2,19,0.6943497185902194,,,,,
0.2,0.0,bt_laplace_bald_left,2,20,0.6472894437527312,,,,,
0.2,0.0,bt_laplace_bald_left,2,21,0.6275273655505851,,,,,
0.2,0.0,bt_laplace_bald_left,2,22,0.6221707531973732,,,,,
0.2,0.0,bt_laplace_bald_left,2,23,0.6318002108505184,,,,,
0.2,0.0,bt_laplace_bald_left,2,24,0.6765660899786572,,,,,
0.2,0.0,bt_laplace_bald_left,2,25,0.6934936901240191,,,,,
0.2,0.0,bt_laplace_bald_left,2,26,0.7028636396935961,,,,,
0.2,0.0,bt_laplace_bald_left,2,27,0.6947848646259623,,,,,
0.2,0.0,bt_laplace_bald_left,2,28,0.7175249032197631,,,,,
0.2,0.0,bt_laplace_bald_left,2,29,0.7185776527652883,,,,,
0.2,0.0,bt_laplace_bald_left,2,30,0.7093429045165717,,,,,
0.2,0.0,bt_laplace_bald_left,2,-1,0.7093429045165717,16.0,13.0,1.0,0.0,30.0
0.2,0.0,bt_laplace_bald_left,3,1,0.4393929030454127,,,,,
0.2,0.0,bt_laplace_bald_left,3,2,0.6291992962675375,,,,,
0.2,0.0,bt_laplace_bald_left,3,3,0.6663293127896498,,,,,
0.2,0.0,bt_laplace_bald_left,3,4,0.6075079775696651,,,,,
0.2,0.0,bt_laplace_bald_left,3,5,0.5786111032737803,,,,,
0.2,0.0,bt_laplace_bald_left,3,6,0.6995386672322466,,,,,
0.2,0.0,bt_laplace_bald_left,3,7,0.8227153333787496,,,,,
0.2,0.0,bt_laplace_bald_left,3,8,0.807728683610347,,,,,
0.2,0.0,bt_laplace_bald_left,3,9,0.7730857841852614,,,,,
0.2,0.0,bt_laplace_bald_left,3,10,0.7841726568628288,,,,,
0.2,0.0,bt_laplace_bald_left,3,11,0.7848745169227523,,,,,
0.2,0.0,bt_laplace_bald_left,3,12,0.7919381831223159,,,,,
0.2,0.0,bt_laplace_bald_left,3,13,0.7923620382910486,,,,,
0.2,0.0,bt_laplace_bald_left,3,14,0.8067976812151283,,,,,
0.2,0.0,bt_laplace_bald_left,3,15,0.7908673575935381,,,,,
0.2,0.0,bt_laplace_bald_left,3,16,0.7771431244140015,,,,,
0.2,0.0,bt_laplace_bald_left,3,17,0.7747527316653929,,,,,
0.2,0.0,bt_laplace_bald_left,3,18,0.782136162492818,,,,,
0.2,0.0,bt_laplace_bald_left,3,19,0.7904493671738984,,,,,
0.2,0.0,bt_laplace_bald_left,3,20,0.7783882175092842,,,,,
0.2,0.0,bt_laplace_bald_left,3,21,0.8028202053186664,,,,,
0.2,0.0,bt_laplace_bald_left,3,22,0.787614332581708,,,,,
0.2,0.0,bt_laplace_bald_left,3,23,0.7958350681461112,,,,,
0.2,0.0,bt_laplace_bald_left,3,24,0.8200191356258697,,,,,
0.2,0.0,bt_laplace_bald_left,3,25,0.8248116164051638,,,,,
0.2,0.0,bt_laplace_bald_left,3,26,0.852134360342608,,,,,
0.2,0.0,bt_laplace_bald_left,3,27,0.8347135986006939,,,,,
0.2,0.0,bt_laplace_bald_left,3,28,0.8363966538575166,,,,,
0.2,0.0,bt_laplace_bald_left,3,29,0.8186599772086147,,,,,
0.2,0.0,bt_laplace_bald_left,3,30,0.81611851183349,,,,,
0.2,0.0,bt_laplace_bald_left,3,-1,0.81611851183349,16.0,13.0,1.0,0.0,30.0
0.2,0.0,bt_laplace_bald_left,4,1,0.6394844370834256,,,,,
0.2,0.0,bt_laplace_bald_left,4,2,0.7115250806766049,,,,,
0.2,0.0,bt_laplace_bald_left,4,3,0.5185983776346557,,,,,
0.2,0.0,bt_laplace_bald_left,4,4,0.10584052608806145,,,,,
0.2,0.0,bt_laplace_bald_left,4,5,0.38383791724682337,,,,,
0.2,0.0,bt_laplace_bald_left,4,6,0.34829738155491147,,,,,
0.2,0.0,bt_laplace_bald_left,4,7,0.30383062537372835,,,,,
0.2,0.0,bt_laplace_bald_left,4,8,0.30901879808703614,,,,,
0.2,0.0,bt_laplace_bald_left,4,9,0.3039238318617636,,,,,
0.2,0.0,bt_laplace_bald_left,4,10,0.26857357559117145,,,,,
0.2,0.0,bt_laplace_bald_left,4,11,0.2861750811173372,,,,,
0.2,0.0,bt_laplace_bald_left,4,12,0.2703203941361894,,,,,
0.2,0.0,bt_laplace_bald_left,4,13,0.3356959710367368,,,,,
0.2,0.0,bt_laplace_bald_left,4,14,0.39214267679229914,,,,,
0.2,0.0,bt_laplace_bald_left,4,15,0.3959204698780618,,,,,
0.2,0.0,bt_laplace_bald_left,4,16,0.35726273090456334,,,,,
0.2,0.0,bt_laplace_bald_left,4,17,0.36022195247837935,,,,,
0.2,0.0,bt_laplace_bald_left,4,18,0.41236937034115684,,,,,
0.2,0.0,bt_laplace_bald_left,4,19,0.40003830599660006,,,,,
0.2,0.0,bt_laplace_bald_left,4,20,0.35230163015353444,,,,,
0.2,0.0,bt_laplace_bald_left,4,21,0.3420552724667799,,,,,
0.2,0.0,bt_laplace_bald_left,4,22,0.3855266220790945,,,,,
0.2,0.0,bt_laplace_bald_left,4,23,0.39736661192810496,,,,,
0.2,0.0,bt_laplace_bald_left,4,24,0.38142023245930523,,,,,
0.2,0.0,bt_laplace_bald_left,4,25,0.38553788551020923,,,,,
0.2,0.0,bt_laplace_bald_left,4,26,0.3817008265288135,,,,,
0.2,0.0,bt_laplace_bald_left,4,27,0.3728198002122394,,,,,
0.2,0.0,bt_laplace_bald_left,4,28,0.34765389254513784,,,,,
0.2,0.0,bt_laplace_bald_left,4,29,0.35091491968750244,,,,,
0.2,0.0,bt_laplace_bald_left,4,30,0.3710950639317725,,,,,
0.2,0.0,bt_laplace_bald_left,4,-1,0.3710950639317725,17.0,12.0,1.0,0.0,30.0
